chrom,pos,MEIFAMILY,MEISUBFAMILY,ORIENT,gc1kb,nested,ref_name,ref_strand,ref_len,same_orientation
chr1,4228398,ALU,AluYa5#SINE/Alu,-,0.523,False,,,,False
chr1,5874235,ALU,AluYb8#SINE/Alu,+,0.583,False,,,,False
chr1,7018136,ALU,AluYb8#SINE/Alu,-,0.508,False,,,,False
chr1,8216986,ALU,AluJb_short_#SINE/Alu,-,0.628,False,,,,False
chr1,8386572,ALU,AluYa5#SINE/Alu,-,0.358,False,,,,False
chr1,9170374,ALU,AluYb9#SINE/Alu,+,0.521,True,AluSc8,+,304.0,True
chr1,9811996,ALU,AluYb8#SINE/Alu,+,0.443,True,AluSc8,+,302.0,True
chr1,10971086,ALU,AluSg7#SINE/Alu,+,0.505,True,AluJr,+,302.0,True
chr1,13470162,ALU,AluYb8#SINE/Alu,-,0.506,True,AluSx,-,306.0,True
chr1,16424212,ALU,AluY#SINE/Alu,+,0.461,True,AluYc,+,179.0,True
chr1,17944614,ALU,AluYb8#SINE/Alu,-,0.476,False,,,,False
chr1,20618252,ALU,AluYe5#SINE/Alu,-,0.519,False,,,,False
chr1,21129506,ALU,AluJr#SINE/Alu,+,0.478,False,,,,False
chr1,24614780,ALU,AluYb8#SINE/Alu,-,0.423,False,,,,False
chr1,27030510,ALU,AluSz#SINE/Alu,-,0.507,True,AluSq2,-,139.0,True
chr1,27878456,ALU,AluSp#SINE/Alu,-,0.45,True,AluJo,-,140.0,True
chr1,28395830,ALU,AluYa8#SINE/Alu,-,0.397,True,AluY,-,325.0,True
chr1,28419039,ALU,AluYe5#SINE/Alu,+,0.382,False,,,,False
chr1,28512224,ALU,AluSp#SINE/Alu,-,0.445,True,AluSx1,-,259.0,True
chr1,29535902,ALU,AluYb9#SINE/Alu,-,0.329,False,,,,False
chr1,31279050,ALU,AluYb8#SINE/Alu,+,0.408,False,,,,False
chr1,32642783,ALU,AluSc#SINE/Alu,-,0.466,True,AluSq2,-,303.0,True
chr1,34541472,LINE1,L1M4_orf2#LINE/L1,+,0.304,False,,,,False
chr1,35847976,ALU,AluYa5#SINE/Alu,+,0.344,False,,,,False
chr1,37775718,SVA,SVA_F#Retroposon/SVA,-,0.441,False,,,,False
chr1,37967102,ALU,AluYg6#SINE/Alu,+,0.516,True,AluSz,+,289.0,True
chr1,39211997,ALU,AluYa5#SINE/Alu,+,0.461,False,,,,False
chr1,39281491,ALU,AluYb8#SINE/Alu,-,0.334,True,FRAM,-,163.0,True
chr1,39888766,ALU,AluYa5#SINE/Alu,-,0.464,False,,,,False
chr1,42817605,ALU,AluYa5#SINE/Alu,-,0.522,False,,,,False
chr1,44468144,ALU,AluSx1#SINE/Alu,+,0.388,False,,,,False
chr1,44475832,ALU,AluYb8#SINE/Alu,+,0.432,True,AluSc,+,295.0,True
chr1,45330030,ALU,AluYb8#SINE/Alu,+,0.496,True,AluSx1,+,301.0,True
chr1,45703355,LINE1,L1M4_orf2#LINE/L1,-,0.386,False,,,,False
chr1,46213375,ALU,AluYb8#SINE/Alu,-,0.377,False,,,,False
chr1,47359381,ALU,AluYb8#SINE/Alu,+,0.472,True,AluSx1,-,309.0,False
chr1,48506858,ALU,AluYa5#SINE/Alu,+,0.376,False,,,,False
chr1,48991408,ALU,AluYb8#SINE/Alu,-,0.312,False,,,,False
chr1,52923170,ALU,AluYa5#SINE/Alu,+,0.43,True,FLAM_C,+,134.0,True
chr1,55939720,LINE1,L1P1_orf2#LINE/L1,+,0.385,False,,,,False
chr1,56635280,SVA,SVA_C#Retroposon/SVA,-,0.398,False,,,,False
chr1,58739639,ALU,AluYa5#SINE/Alu,-,0.366,False,,,,False
chr1,59125802,ALU,AluYa5#SINE/Alu,-,0.428,False,,,,False
chr1,60459885,ALU,AluYe5#SINE/Alu,+,0.407,False,,,,False
chr1,62996280,ALU,AluYb9#SINE/Alu,+,0.445,False,,,,False
chr1,64384497,SVA,SVA_F#Retroposon/SVA,+,0.409,False,,,,False
chr1,65106580,ALU,AluYa5#SINE/Alu,+,0.438,False,,,,False
chr1,65590251,ALU,AluYg6#SINE/Alu,+,0.35,False,,,,False
chr1,69625382,ALU,AluYa5#SINE/Alu,-,0.267,False,,,,False
chr1,71566411,ALU,AluYb8#SINE/Alu,-,0.372,False,,,,False
chr1,72048431,ALU,AluYe5#SINE/Alu,-,0.352,False,,,,False
chr1,73875238,LINE1,L1HS_5end#LINE/L1,+,0.327,False,,,,False
chr1,74059344,ALU,AluYm1#SINE/Alu,-,0.304,False,,,,False
chr1,75091484,ALU,AluYa5#SINE/Alu,+,0.327,False,,,,False
chr1,76799398,ALU,AluYk3#SINE/Alu,+,0.388,False,,,,False
chr1,77168636,ALU,AluYa5#SINE/Alu,+,0.293,False,,,,False
chr1,78984678,ALU,AluYa5#SINE/Alu,-,0.298,False,,,,False
chr1,79116394,ALU,AluYb9#SINE/Alu,-,0.324,False,,,,False
chr1,80387560,ALU,AluYa5#SINE/Alu,-,0.412,True,AluSz,+,313.0,False
chr1,81846363,ALU,AluYb8#SINE/Alu,+,0.298,False,,,,False
chr1,85154443,ALU,AluY#SINE/Alu,-,0.376,False,,,,False
chr1,92701968,ALU,AluYa5#SINE/Alu,-,0.289,False,,,,False
chr1,93032662,ALU,AluYa5#SINE/Alu,-,0.331,False,,,,False
chr1,98139734,ALU,AluYb8#SINE/Alu,-,0.359,False,,,,False
chr1,100528660,ALU,AluYb9#SINE/Alu,+,0.379,False,,,,False
chr1,101513430,LINE1,L1P1_orf2#LINE/L1,+,0.264,False,,,,False
chr1,101774603,ALU,AluYb9#SINE/Alu,+,0.375,False,,,,False
chr1,103323871,ALU,AluYa5#SINE/Alu,-,0.311,False,,,,False
chr1,107599851,ALU,AluYb8#SINE/Alu,-,0.356,False,,,,False
chr1,108024936,ALU,AluYa5#SINE/Alu,+,0.402,True,AluSq10,+,299.0,True
chr1,111458642,ALU,AluYg6#SINE/Alu,+,0.389,False,,,,False
chr1,111560480,ALU,AluYb9#SINE/Alu,-,0.44,False,,,,False
chr1,112449380,ALU,AluYa5#SINE/Alu,-,0.38,False,,,,False
chr1,112999691,ALU,AluSp#SINE/Alu,+,0.452,True,AluSx,+,283.0,True
chr1,119064874,ALU,AluYc#SINE/Alu,+,0.343,False,,,,False
chr1,147186634,ALU,AluYa5#SINE/Alu,+,0.371,False,,,,False
chr1,150990248,ALU,AluYb8#SINE/Alu,+,0.437,True,AluJr,+,302.0,True
chr1,152485940,LINE1,L1HS_3end#LINE/L1,-,0.467,False,,,,False
chr1,154151288,ALU,AluYk4#SINE/Alu,-,0.36,False,,,,False
chr1,156735543,ALU,AluYa5#SINE/Alu,+,0.482,True,FLAM_C,+,149.0,True
chr1,157393705,ALU,AluYb8#SINE/Alu,-,0.31,False,,,,False
chr1,158756075,LINE1,L1HS_3end#LINE/L1,+,0.404,False,,,,False
chr1,160077886,ALU,AluY_short_#SINE/Alu,-,0.487,False,,,,False
chr1,160336058,ALU,AluYa5#SINE/Alu,+,0.456,False,,,,False
chr1,160531129,ALU,AluYa5#SINE/Alu,-,0.377,False,,,,False
chr1,163344648,ALU,AluYa5#SINE/Alu,+,0.324,False,,,,False
chr1,165690068,ALU,AluYa5#SINE/Alu,+,0.395,False,,,,False
chr1,165892155,SVA,SVA_F#Retroposon/SVA,-,0.487,False,,,,False
chr1,169555628,LINE1,L1HS_3end#LINE/L1,+,0.332,False,,,,False
chr1,169993646,ALU,AluSz#SINE/Alu,+,0.427,True,AluYj4,+,86.0,True
chr1,174363870,ALU,AluYb8#SINE/Alu,-,0.367,False,,,,False
chr1,178082228,ALU,AluYa5#SINE/Alu,+,0.408,False,,,,False
chr1,178428471,ALU,AluY#SINE/Alu,-,0.366,False,,,,False
chr1,178723655,ALU,AluYb8#SINE/Alu,-,0.36,False,,,,False
chr1,178979044,ALU,AluYa5#SINE/Alu,+,0.343,False,,,,False
chr1,179681965,ALU,AluSq#SINE/Alu,+,0.344,True,AluSz6,+,41.0,True
chr1,180888421,ALU,AluYa5#SINE/Alu,+,0.342,False,,,,False
chr1,184000544,LINE1,L1HS_5end#LINE/L1,-,0.354,True,L1MEd,-,427.0,True
chr1,184189252,ALU,AluYb8#SINE/Alu,+,0.341,False,,,,False
chr1,187552942,ALU,AluYe5#SINE/Alu,+,0.373,False,,,,False
chr1,189277902,ALU,AluSc5#SINE/Alu,+,0.264,False,,,,False
chr1,189703116,ALU,AluYa5#SINE/Alu,+,0.376,False,,,,False
chr1,190905321,ALU,AluYa5#SINE/Alu,-,0.307,False,,,,False
chr1,191508328,ALU,AluYk4#SINE/Alu,-,0.359,False,,,,False
chr1,192293131,LINE1,L1HS_3end#LINE/L1,-,0.432,False,,,,False
chr1,196184410,ALU,AluYb8#SINE/Alu,-,0.4,True,AluSq2,-,305.0,True
chr1,204269337,ALU,AluYg6#SINE/Alu,+,0.498,False,,,,False
chr1,207040542,ALU,AluYa5#SINE/Alu,-,0.39,False,,,,False
chr1,208518142,ALU,AluYa5#SINE/Alu,-,0.405,False,,,,False
chr1,212014176,ALU,AluYa5#SINE/Alu,+,0.429,False,,,,False
chr1,212592500,ALU,AluY#SINE/Alu,-,0.354,False,,,,False
chr1,214737664,ALU,AluYg6#SINE/Alu,+,0.321,False,,,,False
chr1,215111940,ALU,AluYa5#SINE/Alu,-,0.363,False,,,,False
chr1,219000921,ALU,AluYi6#SINE/Alu,+,0.41,False,,,,False
chr1,220781010,ALU,AluYa5#SINE/Alu,-,0.368,False,,,,False
chr1,221654470,LINE1,L1HS_3end#LINE/L1,-,0.45,False,,,,False
chr1,224053752,ALU,AluYk4#SINE/Alu,+,0.428,False,,,,False
chr1,226227772,ALU,AluSc#SINE/Alu,-,0.451,True,AluSx1,-,173.0,True
chr1,228699687,ALU,AluYa5#SINE/Alu,-,0.364,False,,,,False
chr1,228824179,ALU,AluY_short_#SINE/Alu,-,0.319,False,,,,False
chr1,229486330,ALU,AluYa5#SINE/Alu,+,0.425,True,AluJo,+,138.0,True
chr1,230949410,ALU,AluYb8#SINE/Alu,+,0.45,False,,,,False
chr1,232116517,ALU,AluSp#SINE/Alu,-,0.39,True,AluSp,-,265.0,True
chr1,232733518,ALU,AluSc#SINE/Alu,-,0.359,False,,,,False
chr1,233987515,ALU,AluYa5#SINE/Alu,-,0.376,False,,,,False
chr1,234669974,ALU,AluYa5#SINE/Alu,-,0.395,False,,,,False
chr1,235409822,ALU,AluYb8#SINE/Alu,-,0.448,True,AluY,+,313.0,False
chr1,239262962,ALU,AluYa5#SINE/Alu,+,0.378,False,,,,False
chr1,239616852,ALU,AluYb8#SINE/Alu,+,0.349,False,,,,False
chr1,241745312,ALU,AluYa5#SINE/Alu,+,0.43,False,,,,False
chr1,244941433,ALU,AluSp#SINE/Alu,+,0.477,True,AluSp,+,176.0,True
chr1,245660298,LINE1,L1M1_orf2#LINE/L1,-,0.46,False,,,,False
chr1,245826011,ALU,AluYa5#SINE/Alu,-,0.418,False,,,,False
chr1,246056663,ALU,AluYc#SINE/Alu,+,0.383,False,,,,False
chr1,248897268,LINE1,L1HS_3end#LINE/L1,-,0.476,False,,,,False
chr2,652665,ALU,AluYa5#SINE/Alu,+,0.434,False,,,,False
chr2,1199173,ALU,FLAM_C_short_#SINE/Alu,+,0.328,False,,,,False
chr2,1467951,ALU,AluYb8#SINE/Alu,-,0.362,False,,,,False
chr2,2219910,SVA,SVA_F#Retroposon/SVA,-,0.419,False,,,,False
chr2,3582724,ALU,AluYa5#SINE/Alu,-,0.41,False,,,,False
chr2,3670868,ALU,AluYb8#SINE/Alu,-,0.506,False,,,,False
chr2,4338106,ALU,AluSq4#SINE/Alu,+,0.35,False,,,,False
chr2,5488558,LINE1,L1M1_orf2#LINE/L1,+,0.403,True,L1MA3,+,1412.0,True
chr2,6377294,ALU,AluYa5#SINE/Alu,+,0.326,False,,,,False
chr2,6658151,LINE1,L1P1_orf2#LINE/L1,-,0.417,False,,,,False
chr2,9748666,ALU,AluYb8#SINE/Alu,-,0.444,False,,,,False
chr2,11286242,ALU,AluYa5#SINE/Alu,-,0.341,False,,,,False
chr2,13043068,LINE1,L1P1_orf2#LINE/L1,-,0.337,True,L1PA8A,+,3776.0,False
chr2,15379422,ALU,AluY_short_#SINE/Alu,+,0.377,False,,,,False
chr2,19885482,ALU,AluYb8#SINE/Alu,+,0.518,False,,,,False
chr2,21573947,ALU,AluYd8#SINE/Alu,+,0.321,False,,,,False
chr2,25185956,ALU,AluSc5#SINE/Alu,+,0.459,True,AluSx,+,311.0,True
chr2,26400808,ALU,AluYb8#SINE/Alu,-,0.483,False,,,,False
chr2,27304396,ALU,AluYm1#SINE/Alu,+,0.456,True,AluJr4,+,127.0,True
chr2,31336822,ALU,AluYa5#SINE/Alu,+,0.465,False,,,,False
chr2,31727134,ALU,AluYa5#SINE/Alu,+,0.349,False,,,,False
chr2,31821092,LINE1,L1M1_orf2#LINE/L1,-,0.389,True,L1M1,-,536.0,True
chr2,33311087,ALU,AluYa5#SINE/Alu,-,0.312,False,,,,False
chr2,33459636,ALU,AluYb8#SINE/Alu,-,0.435,False,,,,False
chr2,35064820,ALU,AluYb8#SINE/Alu,+,0.361,False,,,,False
chr2,35654282,LINE1,L1HS_5end#LINE/L1,+,0.351,False,,,,False
chr2,36604797,ALU,AluSq2#SINE/Alu,-,0.442,True,AluY,-,185.0,True
chr2,39088192,ALU,AluYa5#SINE/Alu,-,0.396,False,,,,False
chr2,39537184,ALU,AluYa5#SINE/Alu,-,0.387,False,,,,False
chr2,42796932,ALU,AluYc#SINE/Alu,-,0.37,False,,,,False
chr2,44598704,ALU,AluYa5#SINE/Alu,+,0.332,False,,,,False
chr2,46701813,ALU,AluYa5#SINE/Alu,+,0.361,False,,,,False
chr2,47092150,ALU,AluYh7#SINE/Alu,-,0.411,False,,,,False
chr2,47110012,ALU,AluYb8#SINE/Alu,-,0.387,False,,,,False
chr2,48502404,ALU,AluYa5#SINE/Alu,+,0.408,False,,,,False
chr2,49500048,LINE1,L1P1_orf2#LINE/L1,-,0.303,False,,,,False
chr2,49506350,ALU,AluYb8#SINE/Alu,-,0.297,False,,,,False
chr2,50375499,ALU,AluYb8#SINE/Alu,-,0.292,False,,,,False
chr2,51386340,ALU,AluSc8#SINE/Alu,+,0.356,False,,,,False
chr2,59467636,ALU,AluYb8#SINE/Alu,+,0.39,False,,,,False
chr2,63552095,ALU,AluYb8#SINE/Alu,-,0.307,False,,,,False
chr2,64544658,ALU,AluYa5#SINE/Alu,+,0.376,False,,,,False
chr2,64911778,SVA,SVA_F#Retroposon/SVA,-,0.404,False,,,,False
chr2,65106660,ALU,AluYc#SINE/Alu,+,0.348,False,,,,False
chr2,66999242,ALU,AluYb8#SINE/Alu,+,0.382,False,,,,False
chr2,68941772,LINE1,L1HS_5end#LINE/L1,-,0.317,True,L1PA16,-,3448.0,True
chr2,73915272,ALU,AluSg7#SINE/Alu,+,0.465,True,AluJb,+,300.0,True
chr2,75160770,ALU,AluY_short_#SINE/Alu,+,0.317,False,,,,False
chr2,75902312,ALU,AluYb8#SINE/Alu,+,0.364,False,,,,False
chr2,76924606,ALU,AluYa5#SINE/Alu,+,0.351,False,,,,False
chr2,78024505,ALU,AluYa5#SINE/Alu,-,0.36,False,,,,False
chr2,78738292,ALU,AluYa5#SINE/Alu,+,0.361,False,,,,False
chr2,79702258,LINE1,L1HS_5end#LINE/L1,+,0.405,False,,,,False
chr2,80238008,ALU,AluYa5#SINE/Alu,-,0.462,False,,,,False
chr2,80541892,ALU,AluYa5#SINE/Alu,-,0.355,False,,,,False
chr2,82961208,LINE1,L1P1_orf2#LINE/L1,-,0.355,False,,,,False
chr2,83604600,ALU,AluYa5#SINE/Alu,-,0.302,False,,,,False
chr2,84416448,ALU,AluYe5#SINE/Alu,+,0.456,False,,,,False
chr2,84501624,ALU,AluYg6#SINE/Alu,+,0.327,False,,,,False
chr2,99820757,ALU,AluYa5#SINE/Alu,-,0.404,False,,,,False
chr2,102295982,LINE1,L1HS_5end#LINE/L1,+,0.35,False,,,,False
chr2,105546704,LINE1,L1HS_3end#LINE/L1,+,0.479,False,,,,False
chr2,105836116,ALU,AluYe5#SINE/Alu,-,0.377,False,,,,False
chr2,106535400,ALU,AluYk11#SINE/Alu,+,0.435,False,,,,False
chr2,107516851,LINE1,L1HS_5end#LINE/L1,+,0.324,True,L1ME1,-,1236.0,False
chr2,110924794,ALU,AluYa5#SINE/Alu,-,0.386,False,,,,False
chr2,111689852,ALU,AluYi6#SINE/Alu,-,0.422,False,,,,False
chr2,115076296,ALU,AluYe5#SINE/Alu,-,0.315,False,,,,False
chr2,115856510,ALU,AluYc#SINE/Alu,+,0.308,False,,,,False
chr2,119537551,LINE1,L1HS_5end#LINE/L1,-,0.46,False,,,,False
chr2,122573078,ALU,AluYa5#SINE/Alu,+,0.346,False,,,,False
chr2,122762582,ALU,AluYa5#SINE/Alu,-,0.303,False,,,,False
chr2,125613148,ALU,AluYa5#SINE/Alu,-,0.309,False,,,,False
chr2,128614586,LINE1,L1HS_5end#LINE/L1,+,0.451,True,L1PA6,+,848.0,True
chr2,129577798,ALU,AluYb8#SINE/Alu,+,0.339,False,,,,False
chr2,137462785,ALU,AluYa5#SINE/Alu,+,0.398,False,,,,False
chr2,142822440,SVA,SVA_C#Retroposon/SVA,+,0.312,False,,,,False
chr2,144589193,ALU,AluYb8#SINE/Alu,+,0.372,False,,,,False
chr2,147719444,ALU,AluYa5#SINE/Alu,+,0.424,False,,,,False
chr2,147861910,ALU,AluYa5#SINE/Alu,-,0.359,False,,,,False
chr2,147892499,ALU,AluYb9#SINE/Alu,+,0.348,False,,,,False
chr2,149907744,ALU,AluYb8#SINE/Alu,+,0.287,False,,,,False
chr2,152391759,ALU,AluYg6#SINE/Alu,+,0.383,False,,,,False
chr2,153304164,ALU,AluYa5#SINE/Alu,-,0.41,False,,,,False
chr2,153896076,ALU,AluYa5#SINE/Alu,-,0.268,False,,,,False
chr2,158428628,ALU,AluYg6#SINE/Alu,+,0.414,False,,,,False
chr2,159519810,ALU,AluYa5#SINE/Alu,-,0.451,True,AluYc,-,148.0,True
chr2,161095814,ALU,AluSx3#SINE/Alu,+,0.37,False,,,,False
chr2,161908742,ALU,AluYa5#SINE/Alu,-,0.413,False,,,,False
chr2,162788031,ALU,AluYa5#SINE/Alu,-,0.421,False,,,,False
chr2,162822112,ALU,AluYa5#SINE/Alu,-,0.338,False,,,,False
chr2,165396352,ALU,AluYa5#SINE/Alu,-,0.271,False,,,,False
chr2,167922759,ALU,AluYa5#SINE/Alu,-,0.423,False,,,,False
chr2,169179819,ALU,AluY#SINE/Alu,+,0.405,False,,,,False
chr2,172452002,ALU,AluYa5#SINE/Alu,-,0.434,False,,,,False
chr2,175599071,ALU,AluYa5#SINE/Alu,-,0.321,False,,,,False
chr2,175863564,ALU,AluYa5#SINE/Alu,+,0.445,False,,,,False
chr2,176451818,ALU,AluYb8#SINE/Alu,-,0.478,False,,,,False
chr2,177453963,ALU,AluYb8#SINE/Alu,-,0.404,True,AluSx,-,296.0,True
chr2,177486732,ALU,AluYb8#SINE/Alu,-,0.325,False,,,,False
chr2,177679096,ALU,AluYi6#SINE/Alu,+,0.394,False,,,,False
chr2,177784221,ALU,AluY_short_#SINE/Alu,+,0.389,False,,,,False
chr2,177811526,LINE1,L1PA2_3end#LINE/L1,-,0.35,False,,,,False
chr2,180135820,LINE1,L1P1_orf2#LINE/L1,-,0.342,False,,,,False
chr2,180391495,ALU,AluY_short_#SINE/Alu,+,0.347,False,,,,False
chr2,181420463,ALU,AluYm1#SINE/Alu,-,0.422,False,,,,False
chr2,184320618,ALU,AluYb8#SINE/Alu,-,0.288,False,,,,False
chr2,186344262,ALU,BC200#SINE/Alu,+,0.385,False,,,,False
chr2,187988790,ALU,AluY_short_#SINE/Alu,-,0.388,False,,,,False
chr2,188808680,ALU,AluYa5#SINE/Alu,+,0.38,False,,,,False
chr2,188989146,ALU,AluYd8#SINE/Alu,+,0.264,False,,,,False
chr2,189094670,ALU,AluYa5#SINE/Alu,+,0.366,False,,,,False
chr2,192117962,ALU,AluYa5#SINE/Alu,-,0.373,False,,,,False
chr2,193354070,ALU,AluY_short_#SINE/Alu,+,0.252,False,,,,False
chr2,193701803,ALU,AluYa5#SINE/Alu,-,0.324,False,,,,False
chr2,194362308,LINE1,L1PA7_3end#LINE/L1,-,0.365,True,L1PA7,-,976.0,True
chr2,194713562,ALU,AluJb#SINE/Alu,+,0.396,False,,,,False
chr2,197547098,ALU,AluYb8#SINE/Alu,+,0.398,False,,,,False
chr2,197898732,ALU,AluYa5#SINE/Alu,-,0.377,False,,,,False
chr2,198561547,ALU,AluJr#SINE/Alu,-,0.316,False,,,,False
chr2,199118216,ALU,AluYb8#SINE/Alu,+,0.405,False,,,,False
chr2,199123608,ALU,AluYg6#SINE/Alu,+,0.367,False,,,,False
chr2,204787194,ALU,AluYa5#SINE/Alu,+,0.394,False,,,,False
chr2,204997566,ALU,AluYa5#SINE/Alu,-,0.304,False,,,,False
chr2,207112172,ALU,AluYb8#SINE/Alu,-,0.413,False,,,,False
chr2,207607686,ALU,AluSc5#SINE/Alu,-,0.406,False,,,,False
chr2,207667896,ALU,AluSp#SINE/Alu,-,0.478,True,AluSx,-,304.0,True
chr2,208530884,ALU,AluYb8#SINE/Alu,+,0.374,False,,,,False
chr2,209319963,ALU,AluYb8#SINE/Alu,-,0.328,False,,,,False
chr2,212655670,LINE1,L1PREC2_orf2#LINE/L1,-,0.355,True,L1PA16,-,5321.0,True
chr2,213112353,ALU,AluYb9#SINE/Alu,+,0.333,False,,,,False
chr2,213866592,ALU,AluYa5#SINE/Alu,-,0.304,False,,,,False
chr2,214307509,ALU,AluYb8#SINE/Alu,-,0.345,False,,,,False
chr2,215683704,ALU,AluYb8#SINE/Alu,+,0.39,False,,,,False
chr2,218333966,ALU,AluYb8#SINE/Alu,+,0.449,True,AluSx1,+,298.0,True
chr2,223018158,ALU,AluYd8#SINE/Alu,+,0.419,False,,,,False
chr2,226105374,ALU,AluYa5#SINE/Alu,-,0.291,False,,,,False
chr2,228365022,ALU,AluYa5#SINE/Alu,+,0.314,False,,,,False
chr2,231118132,ALU,AluYb8#SINE/Alu,-,0.352,False,,,,False
chr2,231415096,ALU,AluYb8#SINE/Alu,+,0.458,False,,,,False
chr2,231558305,ALU,AluYb8#SINE/Alu,+,0.478,False,,,,False
chr2,232827206,ALU,AluYb8#SINE/Alu,-,0.376,False,,,,False
chr2,232981175,ALU,AluYa5#SINE/Alu,+,0.526,False,,,,False
chr2,234611158,LINE1,L1P1_orf2#LINE/L1,+,0.418,False,,,,False
chr2,234637946,ALU,AluYb9#SINE/Alu,-,0.479,True,AluY,-,309.0,True
chr2,236849243,ALU,AluYa8#SINE/Alu,-,0.469,False,,,,False
chr2,238961705,ALU,AluYb8#SINE/Alu,+,0.354,False,,,,False
chr2,241178459,ALU,AluYk3#SINE/Alu,-,0.506,True,AluY,-,214.0,True
chr2,241596510,ALU,AluSz#SINE/Alu,+,0.514,True,AluSx,+,300.0,True
chr2,241694918,ALU,AluSc#SINE/Alu,+,0.481,True,AluSx3,+,290.0,True
chr2,241705991,ALU,AluY#SINE/Alu,-,0.498,False,,,,False
chr2,241716484,ALU,AluYb9#SINE/Alu,-,0.448,True,AluSz,-,312.0,True
chr3,2920316,ALU,AluYg6#SINE/Alu,-,0.351,False,,,,False
chr3,4163472,ALU,AluYa5#SINE/Alu,+,0.423,False,,,,False
chr3,5328920,LINE1,L1P1_orf2#LINE/L1,+,0.383,True,L1PA5,+,1786.0,True
chr3,5968406,ALU,AluYb8#SINE/Alu,+,0.384,False,,,,False
chr3,7088690,ALU,AluYb8#SINE/Alu,-,0.387,False,,,,False
chr3,7091708,ALU,AluYb8#SINE/Alu,+,0.359,False,,,,False
chr3,7128504,ALU,AluYa8#SINE/Alu,+,0.371,False,,,,False
chr3,7572906,ALU,AluY_short_#SINE/Alu,+,0.385,False,,,,False
chr3,8576709,ALU,AluYd8#SINE/Alu,+,0.467,False,,,,False
chr3,11162487,ALU,AluYe6#SINE/Alu,+,0.502,False,,,,False
chr3,11658641,ALU,AluYa5#SINE/Alu,-,0.414,False,,,,False
chr3,12563774,ALU,AluY_short_#SINE/Alu,+,0.51,True,AluSx1,-,307.0,False
chr3,12654726,SVA,SVA_F#Retroposon/SVA,+,0.437,False,,,,False
chr3,15062133,SVA,SVA_F#Retroposon/SVA,+,0.74,True,SVA_D,+,1882.0,True
chr3,15252831,ALU,AluYa5#SINE/Alu,+,0.35,False,,,,False
chr3,15597664,ALU,AluYa5#SINE/Alu,-,0.369,False,,,,False
chr3,16156023,ALU,AluYd8#SINE/Alu,+,0.386,False,,,,False
chr3,18993960,ALU,AluYb9#SINE/Alu,+,0.404,False,,,,False
chr3,24307278,ALU,AluYb8#SINE/Alu,+,0.286,False,,,,False
chr3,25348412,ALU,AluYa5#SINE/Alu,+,0.363,False,,,,False
chr3,27760856,ALU,AluYa5#SINE/Alu,-,0.429,True,AluSp,+,280.0,False
chr3,27857774,ALU,AluYe5#SINE/Alu,+,0.34,False,,,,False
chr3,28665560,ALU,AluYa5#SINE/Alu,+,0.398,False,,,,False
chr3,29198400,ALU,AluYa5#SINE/Alu,+,0.345,False,,,,False
chr3,31839898,ALU,AluYb8#SINE/Alu,+,0.409,False,,,,False
chr3,32674896,ALU,AluSg7#SINE/Alu,+,0.477,True,AluSz,+,321.0,True
chr3,35305138,ALU,AluYb8#SINE/Alu,+,0.321,False,,,,False
chr3,36797662,ALU,AluYc#SINE/Alu,-,0.304,False,,,,False
chr3,38584583,LINE1,L1HS_5end#LINE/L1,+,0.446,False,,,,False
chr3,40562286,ALU,AluY#SINE/Alu,-,0.498,False,,,,False
chr3,41469745,ALU,AluYk3#SINE/Alu,+,0.372,False,,,,False
chr3,44298806,ALU,AluYa5#SINE/Alu,+,0.382,False,,,,False
chr3,46620361,ALU,AluYa5#SINE/Alu,+,0.428,False,,,,False
chr3,48708604,ALU,AluYb8#SINE/Alu,-,0.438,False,,,,False
chr3,48737072,ALU,AluYa5#SINE/Alu,+,0.444,False,,,,False
chr3,51596094,ALU,AluSz#SINE/Alu,+,0.428,True,AluJb,-,294.0,False
chr3,51729921,ALU,AluYb8#SINE/Alu,-,0.414,False,,,,False
chr3,55754546,LINE1,L1HS_5end#LINE/L1,+,0.3,False,,,,False
chr3,59867170,LINE1,L1HS_3end#LINE/L1,+,0.379,False,,,,False
chr3,60475117,ALU,AluYb8#SINE/Alu,+,0.412,False,,,,False
chr3,66105342,ALU,AluYa5#SINE/Alu,-,0.439,False,,,,False
chr3,67730248,ALU,AluY_short_#SINE/Alu,-,0.453,False,,,,False
chr3,67817462,ALU,AluYa5#SINE/Alu,+,0.375,False,,,,False
chr3,71139615,ALU,AluY_short_#SINE/Alu,+,0.394,False,,,,False
chr3,71539140,ALU,AluYg6#SINE/Alu,-,0.407,True,AluY,-,319.0,True
chr3,72405824,ALU,AluYa5#SINE/Alu,+,0.417,False,,,,False
chr3,76936726,ALU,AluY#SINE/Alu,+,0.326,False,,,,False
chr3,80541020,LINE1,L1HS_5end#LINE/L1,-,0.337,False,,,,False
chr3,82006989,ALU,AluYa5#SINE/Alu,-,0.344,False,,,,False
chr3,82095710,LINE1,L1HS_5end#LINE/L1,-,0.298,False,,,,False
chr3,82660978,LINE1,L1P1_orf2#LINE/L1,-,0.363,True,L1PA8,-,2944.0,True
chr3,83564844,LINE1,L1HS_3end#LINE/L1,+,0.295,False,,,,False
chr3,84384239,LINE1,L1HS_5end#LINE/L1,+,0.268,False,,,,False
chr3,84544130,LINE1,L1P1_orf2#LINE/L1,+,0.337,True,L1PA16,-,1387.0,False
chr3,84782976,ALU,AluYb9#SINE/Alu,+,0.308,False,,,,False
chr3,84900438,LINE1,L1P1_orf2#LINE/L1,+,0.392,True,L1PA6,-,1220.0,False
chr3,86215792,LINE1,L1HS_3end#LINE/L1,+,0.325,False,,,,False
chr3,88973188,LINE1,L1P1_orf2#LINE/L1,+,0.402,False,,,,False
chr3,89257682,ALU,AluYa5#SINE/Alu,+,0.367,False,,,,False
chr3,95552547,ALU,AluYa5#SINE/Alu,+,0.315,False,,,,False
chr3,96915019,ALU,AluYa5#SINE/Alu,-,0.28,False,,,,False
chr3,98656225,ALU,AluYb8#SINE/Alu,+,0.331,False,,,,False
chr3,99007926,ALU,AluYc3#SINE/Alu,+,0.436,False,,,,False
chr3,99056648,LINE1,L1HS_5end#LINE/L1,-,0.342,False,,,,False
chr3,99936548,ALU,AluYa5#SINE/Alu,-,0.403,True,AluSc,-,303.0,True
chr3,100135670,ALU,AluYb8#SINE/Alu,+,0.389,False,,,,False
chr3,100458415,ALU,AluYa5#SINE/Alu,+,0.481,False,,,,False
chr3,101713534,ALU,AluYa5#SINE/Alu,+,0.395,False,,,,False
chr3,102797745,ALU,AluYa5#SINE/Alu,-,0.403,False,,,,False
chr3,103700586,ALU,AluYa5#SINE/Alu,-,0.346,False,,,,False
chr3,110009306,ALU,AluYh3#SINE/Alu,+,0.369,False,,,,False
chr3,110552174,ALU,AluYa5#SINE/Alu,+,0.32,False,,,,False
chr3,111555239,LINE1,L1HS_3end#LINE/L1,+,0.346,True,L1M4a1,-,1008.0,False
chr3,114786632,ALU,AluY_short_#SINE/Alu,+,0.356,False,,,,False
chr3,115196242,ALU,AluYe6#SINE/Alu,+,0.343,False,,,,False
chr3,117633019,ALU,AluYb8#SINE/Alu,-,0.402,False,,,,False
chr3,124849832,ALU,AluYb8#SINE/Alu,-,0.418,False,,,,False
chr3,125089786,LINE1,L1M4_orf2#LINE/L1,-,0.328,False,,,,False
chr3,126371352,SVA,SVA_F#Retroposon/SVA,+,0.582,False,,,,False
chr3,127296698,ALU,AluYb8#SINE/Alu,-,0.372,False,,,,False
chr3,128657390,ALU,AluSg#SINE/Alu,-,0.46,True,AluSx,-,176.0,True
chr3,130219582,ALU,AluYe5#SINE/Alu,+,0.388,False,,,,False
chr3,136893190,LINE1,L1PB1_3end#LINE/L1,-,0.377,True,L1PB1,-,493.0,True
chr3,137087080,ALU,AluYa5#SINE/Alu,-,0.448,False,,,,False
chr3,139580240,ALU,AluSg7#SINE/Alu,-,0.405,True,AluSz6,-,186.0,True
chr3,140805588,ALU,AluYa5#SINE/Alu,-,0.36,False,,,,False
chr3,142741190,ALU,AluYa5#SINE/Alu,-,0.303,False,,,,False
chr3,142928599,ALU,AluYg6#SINE/Alu,-,0.367,False,,,,False
chr3,144589370,ALU,AluYb8#SINE/Alu,+,0.3,False,,,,False
chr3,145805582,ALU,AluYc3#SINE/Alu,+,0.392,False,,,,False
chr3,147890057,SVA,SVA_F#Retroposon/SVA,+,0.404,False,,,,False
chr3,150040564,ALU,AluYa5#SINE/Alu,+,0.414,False,,,,False
chr3,150529058,ALU,AluYb8#SINE/Alu,-,0.343,False,,,,False
chr3,151430762,LINE1,L1HS_5end#LINE/L1,-,0.444,False,,,,False
chr3,151820732,ALU,AluYa5#SINE/Alu,-,0.418,True,AluSx,-,305.0,True
chr3,154765032,ALU,AluYa5#SINE/Alu,+,0.361,False,,,,False
chr3,159179539,ALU,AluYk3#SINE/Alu,+,0.377,False,,,,False
chr3,165462434,ALU,AluYe5#SINE/Alu,+,0.347,False,,,,False
chr3,166644522,ALU,AluYa5#SINE/Alu,+,0.357,False,,,,False
chr3,166672438,ALU,AluYf1#SINE/Alu,+,0.393,False,,,,False
chr3,166819978,ALU,AluYa5#SINE/Alu,+,0.372,True,AluSz,+,306.0,True
chr3,169989306,ALU,AluSc5#SINE/Alu,-,0.368,True,AluJo,-,278.0,True
chr3,171601503,ALU,AluYa5#SINE/Alu,+,0.357,False,,,,False
chr3,171908591,ALU,AluYa5#SINE/Alu,-,0.333,False,,,,False
chr3,172751583,ALU,AluYa5#SINE/Alu,-,0.409,False,,,,False
chr3,174199430,LINE1,L1HS_3end#LINE/L1,+,0.417,False,,,,False
chr3,174533114,ALU,AluYg6#SINE/Alu,+,0.418,False,,,,False
chr3,174763733,ALU,AluYa5#SINE/Alu,+,0.367,False,,,,False
chr3,175956148,ALU,AluYa5#SINE/Alu,-,0.366,False,,,,False
chr3,175960189,LINE1,L1HS_3end#LINE/L1,-,0.326,True,L1MC4a,-,820.0,True
chr3,176425238,ALU,AluYa5#SINE/Alu,+,0.345,False,,,,False
chr3,176510802,ALU,AluYb8#SINE/Alu,+,0.456,False,,,,False
chr3,178393253,ALU,AluYb8#SINE/Alu,+,0.357,False,,,,False
chr3,180472616,ALU,AluYb8#SINE/Alu,+,0.303,False,,,,False
chr3,180728328,ALU,AluYb9#SINE/Alu,-,0.355,False,,,,False
chr3,180766316,ALU,AluYb8#SINE/Alu,-,0.425,False,,,,False
chr3,182277075,ALU,AluYb8#SINE/Alu,-,0.406,False,,,,False
chr3,182581216,ALU,AluYa5#SINE/Alu,+,0.302,False,,,,False
chr3,183314956,ALU,AluSp#SINE/Alu,-,0.362,True,AluSq2,-,348.0,True
chr3,183571356,ALU,AluSz6#SINE/Alu,+,0.459,True,AluSx1,-,310.0,False
chr3,186405728,ALU,AluYa5#SINE/Alu,-,0.451,True,AluJr,-,313.0,True
chr3,186654344,LINE1,L1HS_5end#LINE/L1,+,0.501,False,,,,False
chr3,186982848,SVA,SVA_E#Retroposon/SVA,-,0.423,False,,,,False
chr3,187240168,ALU,AluYb8#SINE/Alu,-,0.384,False,,,,False
chr3,190706357,LINE1,L1P1_orf2#LINE/L1,+,0.34,True,L1MEd,+,159.0,True
chr3,191281667,ALU,AluYa5#SINE/Alu,-,0.318,False,,,,False
chr3,192658733,ALU,AluYg6#SINE/Alu,-,0.404,False,,,,False
chr3,195047792,ALU,AluYa5#SINE/Alu,-,0.504,False,,,,False
chr3,195473356,ALU,AluYa5#SINE/Alu,-,0.485,False,,,,False
chr3,196373640,ALU,AluYa5#SINE/Alu,-,0.352,False,,,,False
chr3,196874221,ALU,AluYa5#SINE/Alu,+,0.401,False,,,,False
chr4,4693752,ALU,AluYa5#SINE/Alu,+,0.521,False,,,,False
chr4,7567438,ALU,AluSq4#SINE/Alu,-,0.422,False,,,,False
chr4,10720662,ALU,AluSx1#SINE/Alu,+,0.318,False,,,,False
chr4,11717448,LINE1,L1M2_orf2#LINE/L1,-,0.347,True,L1MA6,-,1089.0,True
chr4,12647066,ALU,AluYa5#SINE/Alu,-,0.37,False,,,,False
chr4,13831078,ALU,AluSx3#SINE/Alu,-,0.465,False,,,,False
chr4,14847408,LINE1,L1HS_5end#LINE/L1,+,0.496,False,,,,False
chr4,18161062,LINE1,L1P1_orf2#LINE/L1,-,0.435,False,,,,False
chr4,19364529,ALU,AluSc5#SINE/Alu,+,0.351,False,,,,False
chr4,22041584,ALU,AluYb8#SINE/Alu,-,0.404,False,,,,False
chr4,23509394,ALU,AluYb8#SINE/Alu,+,0.267,False,,,,False
chr4,25495842,LINE1,L1M1_5end#LINE/L1,-,0.471,False,,,,False
chr4,26437002,ALU,AluYa5#SINE/Alu,-,0.406,False,,,,False
chr4,27849391,LINE1,L1HS_5end#LINE/L1,+,0.361,False,,,,False
chr4,29783053,ALU,AluYb8#SINE/Alu,+,0.273,False,,,,False
chr4,29906210,ALU,AluYe5#SINE/Alu,-,0.274,False,,,,False
chr4,30890453,ALU,AluYb8#SINE/Alu,+,0.303,False,,,,False
chr4,31589843,ALU,AluYe6#SINE/Alu,+,0.328,False,,,,False
chr4,31839799,ALU,AluYg6#SINE/Alu,-,0.372,False,,,,False
chr4,31974558,ALU,AluYb8#SINE/Alu,+,0.361,False,,,,False
chr4,32400120,ALU,AluYa5#SINE/Alu,-,0.272,False,,,,False
chr4,34353722,ALU,AluYa5#SINE/Alu,-,0.346,True,AluYa5,-,283.0,True
chr4,39562817,ALU,AluYa5#SINE/Alu,-,0.468,True,AluJb,-,136.0,True
chr4,40698730,ALU,AluYa5#SINE/Alu,+,0.446,False,,,,False
chr4,40703410,ALU,AluSz6#SINE/Alu,+,0.49,False,,,,False
chr4,40879182,ALU,AluYb8#SINE/Alu,+,0.432,False,,,,False
chr4,41009238,ALU,AluYb8#SINE/Alu,+,0.375,False,,,,False
chr4,41596269,ALU,AluSc5#SINE/Alu,-,0.387,False,,,,False
chr4,42086032,ALU,AluYa5#SINE/Alu,+,0.338,False,,,,False
chr4,45882752,ALU,AluYb8#SINE/Alu,+,0.301,False,,,,False
chr4,52356282,ALU,AluYa5#SINE/Alu,+,0.372,False,,,,False
chr4,55126946,ALU,AluYb8#SINE/Alu,-,0.375,False,,,,False
chr4,55505787,ALU,AluYe5#SINE/Alu,+,0.376,False,,,,False
chr4,55812176,ALU,AluYb8#SINE/Alu,-,0.33,False,,,,False
chr4,56872293,SVA,SVA_E#Retroposon/SVA,+,0.438,False,,,,False
chr4,57260504,LINE1,L1P1_orf2#LINE/L1,-,0.345,True,L1PA13,-,3397.0,True
chr4,60113848,LINE1,L1P1_orf2#LINE/L1,-,0.286,False,,,,False
chr4,61550204,ALU,AluYa5#SINE/Alu,-,0.279,False,,,,False
chr4,63331676,ALU,AluYb9#SINE/Alu,+,0.363,False,,,,False
chr4,63684954,ALU,AluYa5#SINE/Alu,+,0.305,False,,,,False
chr4,64351028,ALU,AluYe5#SINE/Alu,+,0.382,False,,,,False
chr4,65936081,LINE1,L1P3_orf2#LINE/L1,-,0.404,False,,,,False
chr4,66240893,ALU,AluYa5#SINE/Alu,+,0.374,False,,,,False
chr4,66248487,ALU,AluYa5#SINE/Alu,+,0.363,False,,,,False
chr4,66790835,ALU,AluYa5#SINE/Alu,-,0.302,False,,,,False
chr4,68707026,LINE1,L1HS_5end#LINE/L1,-,0.268,True,L1ME3A,-,175.0,True
chr4,70092593,LINE1,L1PB1_3end#LINE/L1,-,0.303,False,,,,False
chr4,70227590,LINE1,L1HS_3end#LINE/L1,-,0.338,False,,,,False
chr4,72105002,ALU,AluYa5#SINE/Alu,+,0.291,False,,,,False
chr4,73023954,ALU,AluSx4#SINE/Alu,+,0.449,False,,,,False
chr4,73564706,ALU,AluYb8#SINE/Alu,-,0.306,False,,,,False
chr4,76072664,ALU,AluYb8#SINE/Alu,+,0.367,False,,,,False
chr4,77129522,ALU,AluYb8#SINE/Alu,-,0.436,False,,,,False
chr4,78368288,ALU,AluYc3#SINE/Alu,-,0.315,False,,,,False
chr4,78450992,ALU,AluYb9#SINE/Alu,+,0.388,False,,,,False
chr4,79847386,LINE1,L1HS_3end#LINE/L1,+,0.369,False,,,,False
chr4,80978660,ALU,AluYa5#SINE/Alu,-,0.336,False,,,,False
chr4,81708989,ALU,AluYa5#SINE/Alu,+,0.347,False,,,,False
chr4,82000736,LINE1,L1HS_5end#LINE/L1,+,0.379,False,,,,False
chr4,84396318,LINE1,L1HS_3end#LINE/L1,-,0.353,False,,,,False
chr4,85178158,ALU,AluYe5#SINE/Alu,-,0.359,False,,,,False
chr4,85308528,ALU,AluYb8#SINE/Alu,-,0.359,False,,,,False
chr4,85549224,ALU,AluYm1#SINE/Alu,+,0.342,False,,,,False
chr4,87333153,ALU,AluYg6#SINE/Alu,-,0.387,False,,,,False
chr4,91349799,ALU,AluYa5#SINE/Alu,+,0.367,False,,,,False
chr4,94492122,ALU,AluYb8#SINE/Alu,+,0.325,False,,,,False
chr4,95312051,LINE1,L1P1_orf2#LINE/L1,+,0.375,False,,,,False
chr4,98820654,ALU,AluYa5#SINE/Alu,-,0.37,False,,,,False
chr4,100567908,ALU,AluYa5#SINE/Alu,-,0.396,False,,,,False
chr4,101882854,ALU,AluJr4#SINE/Alu,+,0.33,False,,,,False
chr4,102212191,ALU,AluYb8#SINE/Alu,+,0.366,False,,,,False
chr4,102422592,LINE1,L1P1_orf2#LINE/L1,+,0.425,False,,,,False
chr4,105629598,ALU,AluYa5#SINE/Alu,-,0.329,False,,,,False
chr4,106227389,ALU,AluSz6#SINE/Alu,+,0.295,False,,,,False
chr4,109327168,LINE1,L1HS_5end#LINE/L1,-,0.375,True,L1ME3C,-,225.0,True
chr4,111707810,LINE1,L1HS_3end#LINE/L1,+,0.341,False,,,,False
chr4,111777273,ALU,AluYa5#SINE/Alu,+,0.377,False,,,,False
chr4,113097101,ALU,AluYe5#SINE/Alu,-,0.37,False,,,,False
chr4,114091800,ALU,AluY_short_#SINE/Alu,+,0.386,False,,,,False
chr4,117411245,LINE1,L1P1_orf2#LINE/L1,+,0.315,False,,,,False
chr4,120661096,ALU,AluYb8#SINE/Alu,-,0.349,False,,,,False
chr4,121492654,ALU,AluYc3#SINE/Alu,-,0.341,False,,,,False
chr4,123096249,ALU,AluYb8#SINE/Alu,+,0.358,False,,,,False
chr4,124026073,ALU,AluYb8#SINE/Alu,+,0.315,False,,,,False
chr4,124429100,ALU,AluYb8#SINE/Alu,-,0.377,False,,,,False
chr4,124737862,ALU,AluYa5#SINE/Alu,-,0.332,False,,,,False
chr4,124990488,ALU,AluYa5#SINE/Alu,-,0.31,False,,,,False
chr4,126521042,ALU,AluYa5#SINE/Alu,-,0.307,False,,,,False
chr4,127940720,ALU,AluYa5#SINE/Alu,+,0.292,False,,,,False
chr4,128286087,ALU,AluYb8#SINE/Alu,-,0.336,False,,,,False
chr4,129480625,ALU,AluYa5#SINE/Alu,-,0.345,False,,,,False
chr4,130704446,ALU,AluYi6#SINE/Alu,-,0.4,False,,,,False
chr4,132196681,ALU,AluYg6#SINE/Alu,+,0.258,False,,,,False
chr4,135806426,ALU,AluYa5#SINE/Alu,-,0.32,False,,,,False
chr4,137377844,ALU,AluYe5#SINE/Alu,+,0.387,False,,,,False
chr4,138304054,ALU,AluYi6#SINE/Alu,-,0.381,False,,,,False
chr4,141110586,ALU,AluYg6#SINE/Alu,-,0.438,True,AluJr,-,289.0,True
chr4,141541775,ALU,AluYb8#SINE/Alu,-,0.389,False,,,,False
chr4,143499694,ALU,AluYa5#SINE/Alu,-,0.416,True,AluJr,-,318.0,True
chr4,146304137,LINE1,L1HS_5end#LINE/L1,+,0.343,False,,,,False
chr4,147132792,ALU,AluYa5#SINE/Alu,+,0.402,False,,,,False
chr4,150372756,ALU,AluYk11#SINE/Alu,-,0.429,False,,,,False
chr4,155322595,ALU,AluYa5#SINE/Alu,+,0.394,False,,,,False
chr4,156152024,SVA,SVA_C#Retroposon/SVA,-,0.374,False,,,,False
chr4,157194728,ALU,AluYg6#SINE/Alu,+,0.398,False,,,,False
chr4,159704890,ALU,AluYb8#SINE/Alu,-,0.305,False,,,,False
chr4,163836602,ALU,AluYd8#SINE/Alu,+,0.411,False,,,,False
chr4,166417637,ALU,AluYa5#SINE/Alu,-,0.311,False,,,,False
chr4,166540266,ALU,AluYa5#SINE/Alu,+,0.275,False,,,,False
chr4,170166507,SVA,SVA_C#Retroposon/SVA,-,0.651,True,SVA_B,-,1482.0,True
chr4,171117020,ALU,AluYa5#SINE/Alu,-,0.26,False,,,,False
chr4,173114452,LINE1,L1P1_orf2#LINE/L1,+,0.406,True,L1PA13,+,1784.0,True
chr4,174613150,ALU,AluSz6#SINE/Alu,-,0.412,False,,,,False
chr4,175396414,ALU,AluSg7#SINE/Alu,+,0.384,False,,,,False
chr4,178523574,ALU,AluYi6#SINE/Alu,-,0.264,False,,,,False
chr4,179335808,ALU,AluYi6#SINE/Alu,-,0.332,False,,,,False
chr4,180401040,ALU,AluYa5#SINE/Alu,-,0.486,True,AluY,-,308.0,True
chr4,185056651,ALU,AluYa5#SINE/Alu,-,0.352,False,,,,False
chr4,185440764,ALU,AluYa5#SINE/Alu,+,0.32,False,,,,False
chr4,185460998,ALU,AluYk12#SINE/Alu,-,0.347,False,,,,False
chr4,187764998,ALU,AluYa5#SINE/Alu,-,0.464,False,,,,False
chr5,1645659,LINE1,L1HS_3end#LINE/L1,+,0.51,False,,,,False
chr5,1812532,ALU,AluYa5#SINE/Alu,-,0.485,False,,,,False
chr5,5595132,ALU,AluYe5#SINE/Alu,-,0.33,False,,,,False
chr5,6217980,ALU,AluYb8#SINE/Alu,-,0.559,False,,,,False
chr5,9246254,ALU,AluYa5#SINE/Alu,-,0.343,False,,,,False
chr5,11756896,ALU,AluYa5#SINE/Alu,-,0.294,False,,,,False
chr5,13528258,ALU,AluYa5#SINE/Alu,-,0.431,False,,,,False
chr5,16716512,ALU,AluYg6#SINE/Alu,+,0.41,False,,,,False
chr5,17461367,SVA,SVA_F#Retroposon/SVA,-,0.363,False,,,,False
chr5,17712505,ALU,AluYa5#SINE/Alu,+,0.346,False,,,,False
chr5,18925904,ALU,AluYb8#SINE/Alu,-,0.279,False,,,,False
chr5,21207614,LINE1,L1HS_5end#LINE/L1,+,0.285,False,,,,False
chr5,24150426,ALU,AluYa5#SINE/Alu,+,0.343,False,,,,False
chr5,24469465,ALU,AluYa5#SINE/Alu,-,0.335,False,,,,False
chr5,24697001,ALU,AluYb8#SINE/Alu,+,0.291,False,,,,False
chr5,27344316,ALU,AluYb8#SINE/Alu,-,0.271,False,,,,False
chr5,30975878,LINE1,L1P1_orf2#LINE/L1,-,0.423,False,,,,False
chr5,31906178,ALU,AluSg4#SINE/Alu,-,0.457,True,AluYh3,-,175.0,True
chr5,32313946,ALU,AluYa5#SINE/Alu,-,0.511,True,AluSq2,-,144.0,True
chr5,35682352,ALU,AluYa5#SINE/Alu,+,0.403,False,,,,False
chr5,37530658,SVA,SVA_F#Retroposon/SVA,-,0.34,False,,,,False
chr5,37648563,ALU,AluYb8#SINE/Alu,+,0.318,False,,,,False
chr5,39505764,ALU,AluYa5#SINE/Alu,-,0.398,False,,,,False
chr5,40041238,LINE1,L1HS_5end#LINE/L1,-,0.385,False,,,,False
chr5,40181552,ALU,AluYa5#SINE/Alu,-,0.393,False,,,,False
chr5,40507630,ALU,AluYa5#SINE/Alu,+,0.289,False,,,,False
chr5,43541696,ALU,AluYb8#SINE/Alu,+,0.435,False,,,,False
chr5,45181477,ALU,AluYa5#SINE/Alu,-,0.377,False,,,,False
chr5,51400114,ALU,AluYa5#SINE/Alu,-,0.423,False,,,,False
chr5,53488722,LINE1,L1HS_5end#LINE/L1,-,0.359,False,,,,False
chr5,55006660,ALU,AluY#SINE/Alu,-,0.453,False,,,,False
chr5,55569964,ALU,AluSg4#SINE/Alu,+,0.39,False,,,,False
chr5,56216038,ALU,AluYa5#SINE/Alu,-,0.404,False,,,,False
chr5,56393662,ALU,AluYb8#SINE/Alu,+,0.348,False,,,,False
chr5,60323845,ALU,AluYh7#SINE/Alu,-,0.411,False,,,,False
chr5,60537342,LINE1,L1HS_5end#LINE/L1,-,0.318,False,,,,False
chr5,62561284,ALU,AluYb8#SINE/Alu,+,0.324,False,,,,False
chr5,64727322,ALU,AluYa5#SINE/Alu,+,0.362,False,,,,False
chr5,65315688,ALU,AluYa5#SINE/Alu,+,0.352,False,,,,False
chr5,66443294,ALU,AluYa5#SINE/Alu,-,0.386,False,,,,False
chr5,69222011,ALU,AluSz#SINE/Alu,-,0.385,True,AluSx,+,129.0,False
chr5,72339712,ALU,AluYa5#SINE/Alu,-,0.363,False,,,,False
chr5,73037322,ALU,AluYb8#SINE/Alu,+,0.286,False,,,,False
chr5,75027976,ALU,AluYa5#SINE/Alu,-,0.363,False,,,,False
chr5,77395411,ALU,AluYk3#SINE/Alu,-,0.458,True,AluY,-,290.0,True
chr5,77587012,ALU,AluSx4#SINE/Alu,-,0.416,True,AluSc8,-,296.0,True
chr5,78695006,ALU,AluJo#SINE/Alu,+,0.411,False,,,,False
chr5,79130736,SVA,SVA_E#Retroposon/SVA,+,0.412,False,,,,False
chr5,83831607,ALU,AluYa5#SINE/Alu,+,0.357,False,,,,False
chr5,84943826,LINE1,L1HS_3end#LINE/L1,-,0.275,True,L1ME1,-,322.0,True
chr5,85088668,ALU,AluYa8#SINE/Alu,+,0.32,False,,,,False
chr5,85248578,ALU,AluYa5#SINE/Alu,-,0.444,False,,,,False
chr5,85633964,ALU,AluYa5#SINE/Alu,-,0.304,False,,,,False
chr5,87076872,ALU,AluYa5#SINE/Alu,+,0.352,False,,,,False
chr5,88104002,ALU,AluYb8#SINE/Alu,-,0.365,False,,,,False
chr5,88996506,ALU,AluYb8#SINE/Alu,-,0.345,False,,,,False
chr5,90154958,LINE1,L1HS_5end#LINE/L1,+,0.354,False,,,,False
chr5,90882913,ALU,AluYa5#SINE/Alu,+,0.32,False,,,,False
chr5,91735204,ALU,AluYa5#SINE/Alu,-,0.418,False,,,,False
chr5,99757919,ALU,AluY_short_#SINE/Alu,-,0.367,False,,,,False
chr5,100287517,LINE1,L1P1_orf2#LINE/L1,+,0.393,False,,,,False
chr5,100724471,ALU,AluYa5#SINE/Alu,-,0.376,False,,,,False
chr5,101161558,ALU,AluSc#SINE/Alu,-,0.352,False,,,,False
chr5,103867457,ALU,AluYa5#SINE/Alu,-,0.275,False,,,,False
chr5,104128716,ALU,AluYb8#SINE/Alu,+,0.342,False,,,,False
chr5,106347718,ALU,AluYb8#SINE/Alu,+,0.331,False,,,,False
chr5,110231832,LINE1,L1HS_3end#LINE/L1,+,0.328,True,L1MA4A,+,5279.0,True
chr5,111450591,ALU,AluYg6#SINE/Alu,+,0.437,True,AluSq2,+,300.0,True
chr5,115404032,ALU,AluYe5#SINE/Alu,-,0.35,False,,,,False
chr5,116163188,ALU,AluYa5#SINE/Alu,-,0.382,False,,,,False
chr5,117408942,ALU,AluYb9#SINE/Alu,+,0.357,False,,,,False
chr5,119641936,ALU,AluYa5#SINE/Alu,+,0.321,False,,,,False
chr5,120149928,ALU,AluYa5#SINE/Alu,-,0.3,False,,,,False
chr5,123247110,ALU,AluYa5#SINE/Alu,+,0.377,False,,,,False
chr5,123640450,ALU,AluYb8#SINE/Alu,+,0.386,False,,,,False
chr5,124544854,ALU,AluYb8#SINE/Alu,+,0.457,False,,,,False
chr5,124551128,ALU,AluYe5#SINE/Alu,+,0.408,False,,,,False
chr5,124812126,ALU,AluYa5#SINE/Alu,+,0.376,False,,,,False
chr5,124819648,LINE1,L1HS_5end#LINE/L1,-,0.409,False,,,,False
chr5,126729437,SVA,SVA_D#Retroposon/SVA,+,0.446,False,,,,False
chr5,130966800,ALU,AluY#SINE/Alu,-,0.324,False,,,,False
chr5,137190017,ALU,AluYa5#SINE/Alu,-,0.356,False,,,,False
chr5,142379084,ALU,AluYb9#SINE/Alu,-,0.393,False,,,,False
chr5,142537968,ALU,AluYa5#SINE/Alu,-,0.386,False,,,,False
chr5,142574550,ALU,AluY_short_#SINE/Alu,-,0.405,True,AluY,-,273.0,True
chr5,142975438,ALU,AluYa5#SINE/Alu,-,0.393,False,,,,False
chr5,144448074,ALU,AluYa5#SINE/Alu,+,0.356,False,,,,False
chr5,148717210,ALU,AluYb8#SINE/Alu,+,0.458,False,,,,False
chr5,148770140,ALU,AluYa5#SINE/Alu,-,0.419,False,,,,False
chr5,149537762,ALU,AluYa5#SINE/Alu,-,0.429,False,,,,False
chr5,149677530,ALU,AluYb8#SINE/Alu,+,0.495,True,AluSx,+,302.0,True
chr5,151606914,ALU,AluYg6#SINE/Alu,-,0.438,True,FLAM_C,-,133.0,True
chr5,152471398,ALU,AluYb8#SINE/Alu,-,0.359,False,,,,False
chr5,153150170,ALU,AluSz#SINE/Alu,-,0.337,False,,,,False
chr5,154732727,ALU,AluYa5#SINE/Alu,-,0.388,False,,,,False
chr5,156192862,LINE1,L1P1_orf2#LINE/L1,-,0.373,False,,,,False
chr5,159300456,ALU,AluYb8#SINE/Alu,+,0.402,False,,,,False
chr5,160091514,ALU,AluYb9#SINE/Alu,+,0.307,False,,,,False
chr5,161190286,ALU,AluYb9#SINE/Alu,+,0.371,False,,,,False
chr5,162804938,ALU,AluSx4#SINE/Alu,-,0.338,False,,,,False
chr5,163884119,ALU,AluYb8#SINE/Alu,-,0.396,False,,,,False
chr5,170774328,ALU,AluYa5#SINE/Alu,+,0.416,False,,,,False
chr5,172308916,ALU,AluYc3#SINE/Alu,+,0.436,False,,,,False
chr5,172347613,ALU,AluYb8#SINE/Alu,+,0.523,False,,,,False
chr5,173186077,ALU,AluYa5#SINE/Alu,-,0.423,False,,,,False
chr5,174985921,ALU,AluYb9#SINE/Alu,-,0.438,False,,,,False
chr5,175333795,ALU,AluYi6#SINE/Alu,+,0.502,False,,,,False
chr5,176896948,ALU,AluYg6#SINE/Alu,-,0.478,False,,,,False
chr5,179594594,ALU,AluSc#SINE/Alu,+,0.502,True,AluY,+,307.0,True
chr5,180410451,ALU,AluY#SINE/Alu,+,0.376,True,AluSz6,+,294.0,True
chr5,181250076,ALU,AluYa5#SINE/Alu,-,0.482,False,,,,False
chr6,1009232,ALU,AluYa5#SINE/Alu,+,0.392,False,,,,False
chr6,1132801,ALU,AluYa5#SINE/Alu,-,0.403,False,,,,False
chr6,6034536,ALU,AluYa5#SINE/Alu,+,0.374,False,,,,False
chr6,8028704,ALU,AluYa5#SINE/Alu,+,0.342,False,,,,False
chr6,13459355,ALU,AluY#SINE/Alu,+,0.379,False,,,,False
chr6,13502810,LINE1,L1HS_5end#LINE/L1,+,0.369,False,,,,False
chr6,13521027,ALU,AluYb8#SINE/Alu,+,0.436,True,AluJb,+,291.0,True
chr6,13718240,ALU,AluYd8#SINE/Alu,-,0.427,False,,,,False
chr6,17249727,ALU,AluYf1#SINE/Alu,+,0.336,True,AluYj4,+,84.0,True
chr6,18898930,ALU,AluYa5#SINE/Alu,-,0.356,True,AluSz,-,294.0,True
chr6,19136870,ALU,AluYb8#SINE/Alu,-,0.335,False,,,,False
chr6,20887682,ALU,AluYa5#SINE/Alu,-,0.384,False,,,,False
chr6,23978122,ALU,AluYb8#SINE/Alu,+,0.352,False,,,,False
chr6,24778643,ALU,AluYb8#SINE/Alu,+,0.372,False,,,,False
chr6,26043047,ALU,AluSp#SINE/Alu,-,0.503,True,AluY,-,312.0,True
chr6,27272574,ALU,AluYb8#SINE/Alu,+,0.4,False,,,,False
chr6,27733852,ALU,AluYe5#SINE/Alu,-,0.454,False,,,,False
chr6,28147172,ALU,AluYb8#SINE/Alu,+,0.288,False,,,,False
chr6,31329028,ALU,AluYb9#SINE/Alu,-,0.389,False,,,,False
chr6,31329620,ALU,AluSg#SINE/Alu,+,0.414,False,,,,False
chr6,31471232,ALU,AluYe5#SINE/Alu,-,0.506,False,,,,False
chr6,33535736,SVA,SVA_C#Retroposon/SVA,+,0.46,False,,,,False
chr6,34699698,SVA,SVA_E#Retroposon/SVA,-,0.405,False,,,,False
chr6,36429270,ALU,AluSz#SINE/Alu,-,0.442,True,AluJb,+,291.0,False
chr6,36586727,ALU,AluYb8#SINE/Alu,+,0.464,False,,,,False
chr6,36945974,SVA,SVA_E#Retroposon/SVA,-,0.424,False,,,,False
chr6,39382964,ALU,AluYb8#SINE/Alu,-,0.355,False,,,,False
chr6,40079162,ALU,AluY#SINE/Alu,+,0.405,False,,,,False
chr6,40202548,ALU,AluY_short_#SINE/Alu,-,0.291,False,,,,False
chr6,40959085,ALU,AluYa5#SINE/Alu,+,0.423,False,,,,False
chr6,42702602,ALU,AluYa5#SINE/Alu,+,0.494,True,AluSz,+,299.0,True
chr6,43312618,ALU,AluYb8#SINE/Alu,-,0.437,False,,,,False
chr6,43687796,SVA,SVA_F#Retroposon/SVA,-,0.54,False,,,,False
chr6,44830888,ALU,AluYb8#SINE/Alu,-,0.351,False,,,,False
chr6,45292734,ALU,AluYe5#SINE/Alu,+,0.358,False,,,,False
chr6,46342564,LINE1,L1P1_orf2#LINE/L1,-,0.389,False,,,,False
chr6,47810496,ALU,AluYb8#SINE/Alu,+,0.41,False,,,,False
chr6,47979286,ALU,AluYa5#SINE/Alu,+,0.289,False,,,,False
chr6,48447054,ALU,AluSc#SINE/Alu,-,0.43,True,AluSc8,-,382.0,True
chr6,52064870,ALU,AluYb9#SINE/Alu,+,0.447,False,,,,False
chr6,52940236,ALU,AluYa5#SINE/Alu,+,0.429,False,,,,False
chr6,53744890,ALU,AluY#SINE/Alu,+,0.383,False,,,,False
chr6,55143126,ALU,AluYa5#SINE/Alu,-,0.3,False,,,,False
chr6,56660994,ALU,AluYb8#SINE/Alu,+,0.341,False,,,,False
chr6,61881376,ALU,AluYb8#SINE/Alu,-,0.396,False,,,,False
chr6,62495216,ALU,AluYb8#SINE/Alu,+,0.367,False,,,,False
chr6,62705844,LINE1,L1HS_5end#LINE/L1,+,0.324,True,L1M1,-,3764.0,False
chr6,62831056,LINE1,L1PA7_3end#LINE/L1,+,0.351,True,L1PA6,+,1201.0,True
chr6,66106228,ALU,AluYb8#SINE/Alu,-,0.353,False,,,,False
chr6,66484492,ALU,AluYa5#SINE/Alu,-,0.316,False,,,,False
chr6,67072452,ALU,AluYb8#SINE/Alu,-,0.381,True,AluSq,-,301.0,True
chr6,67601410,ALU,AluYb8#SINE/Alu,-,0.275,False,,,,False
chr6,67604166,ALU,AluYa5#SINE/Alu,-,0.3,False,,,,False
chr6,67792542,ALU,AluYa5#SINE/Alu,-,0.325,False,,,,False
chr6,68932884,ALU,AluSx4#SINE/Alu,+,0.262,False,,,,False
chr6,70575837,LINE1,L1P1_orf2#LINE/L1,+,0.391,False,,,,False
chr6,71544674,ALU,AluYb8#SINE/Alu,-,0.338,False,,,,False
chr6,71870786,ALU,AluY#SINE/Alu,+,0.428,False,,,,False
chr6,73585288,ALU,AluYa5#SINE/Alu,-,0.419,False,,,,False
chr6,73632018,ALU,AluYb8#SINE/Alu,+,0.435,False,,,,False
chr6,73795124,ALU,AluYa5#SINE/Alu,+,0.377,False,,,,False
chr6,74225867,LINE1,L1HS_3end#LINE/L1,+,0.312,True,L1MDa,-,3610.0,False
chr6,75396056,ALU,AluYb8#SINE/Alu,+,0.392,False,,,,False
chr6,75999269,ALU,AluYa5#SINE/Alu,-,0.412,False,,,,False
chr6,76670213,LINE1,L1HS_3end#LINE/L1,-,0.361,False,,,,False
chr6,76838898,ALU,AluYb8#SINE/Alu,+,0.384,False,,,,False
chr6,77270928,LINE1,L1HS_3end#LINE/L1,-,0.334,False,,,,False
chr6,78133461,ALU,AluYg6#SINE/Alu,-,0.457,False,,,,False
chr6,79327457,ALU,AluYa5#SINE/Alu,-,0.428,False,,,,False
chr6,79370749,ALU,AluYb8#SINE/Alu,+,0.37,False,,,,False
chr6,81587714,ALU,AluY_short_#SINE/Alu,-,0.384,False,,,,False
chr6,82545372,ALU,AluYa5#SINE/Alu,-,0.374,False,,,,False
chr6,84750807,ALU,AluYa5#SINE/Alu,-,0.365,False,,,,False
chr6,87290530,ALU,AluYa5#SINE/Alu,-,0.412,False,,,,False
chr6,87988354,ALU,AluYe5#SINE/Alu,-,0.36,False,,,,False
chr6,90423446,ALU,AluYa5#SINE/Alu,+,0.382,False,,,,False
chr6,91057930,LINE1,L1HS_3end#LINE/L1,+,0.298,False,,,,False
chr6,94457271,ALU,AluYa5#SINE/Alu,+,0.25,False,,,,False
chr6,96061296,ALU,AluYg6#SINE/Alu,-,0.314,False,,,,False
chr6,96497730,LINE1,L1P3_orf2#LINE/L1,-,0.378,True,L1PA6,-,5626.0,True
chr6,97238856,ALU,AluYc#SINE/Alu,-,0.357,True,AluYk2,+,90.0,False
chr6,97803458,ALU,AluYa5#SINE/Alu,-,0.315,False,,,,False
chr6,99959616,ALU,AluYe5#SINE/Alu,+,0.353,False,,,,False
chr6,101759878,ALU,AluYb8#SINE/Alu,-,0.352,True,AluYb8,-,306.0,True
chr6,101772698,ALU,AluYa5#SINE/Alu,-,0.35,False,,,,False
chr6,101835890,LINE1,L1P1_orf2#LINE/L1,+,0.404,True,HAL1,-,546.0,False
chr6,101972586,ALU,AluYm1#SINE/Alu,-,0.36,False,,,,False
chr6,102226524,ALU,AluYa5#SINE/Alu,-,0.34,False,,,,False
chr6,102510600,ALU,AluYa5#SINE/Alu,+,0.287,False,,,,False
chr6,102882736,ALU,AluYa5#SINE/Alu,-,0.315,False,,,,False
chr6,102950161,ALU,AluYa5#SINE/Alu,-,0.317,False,,,,False
chr6,103423590,LINE1,L1P1_orf2#LINE/L1,+,0.252,False,,,,False
chr6,104042558,ALU,AluSx3#SINE/Alu,+,0.351,False,,,,False
chr6,110102742,ALU,AluYb8#SINE/Alu,-,0.295,False,,,,False
chr6,110129602,ALU,AluYb8#SINE/Alu,+,0.352,False,,,,False
chr6,110385890,SVA,SVA_E#Retroposon/SVA,+,0.339,False,,,,False
chr6,112074322,ALU,AluYa5#SINE/Alu,+,0.365,False,,,,False
chr6,112943715,LINE1,L1HS_3end#LINE/L1,+,0.326,False,,,,False
chr6,115154423,ALU,AluYb8#SINE/Alu,-,0.36,False,,,,False
chr6,115467474,ALU,AluYa5#SINE/Alu,-,0.416,False,,,,False
chr6,118304992,ALU,AluYa5#SINE/Alu,+,0.383,False,,,,False
chr6,118555858,ALU,AluYh9#SINE/Alu,-,0.372,False,,,,False
chr6,120247108,ALU,AluYb8#SINE/Alu,-,0.342,False,,,,False
chr6,120573321,ALU,AluYa5#SINE/Alu,+,0.379,False,,,,False
chr6,121069322,ALU,AluYd8#SINE/Alu,+,0.535,False,,,,False
chr6,122658856,ALU,AluYa5#SINE/Alu,-,0.312,False,,,,False
chr6,123326490,LINE1,L1HS_3end#LINE/L1,-,0.309,False,,,,False
chr6,124297728,ALU,AluYb8#SINE/Alu,-,0.363,False,,,,False
chr6,124544368,ALU,AluYa5#SINE/Alu,+,0.411,False,,,,False
chr6,125917204,SVA,SVA_F#Retroposon/SVA,+,0.421,False,,,,False
chr6,126187896,ALU,AluY_short_#SINE/Alu,+,0.291,False,,,,False
chr6,128724707,ALU,AluYa5#SINE/Alu,+,0.349,False,,,,False
chr6,128809936,ALU,AluYa5#SINE/Alu,-,0.353,False,,,,False
chr6,130792130,ALU,AluYb8#SINE/Alu,+,0.367,False,,,,False
chr6,130952352,ALU,AluYb8#SINE/Alu,+,0.384,False,,,,False
chr6,131103601,ALU,AluSc5#SINE/Alu,-,0.416,False,,,,False
chr6,131694962,ALU,AluYa5#SINE/Alu,-,0.414,False,,,,False
chr6,131999298,ALU,AluYa5#SINE/Alu,-,0.347,False,,,,False
chr6,132838974,ALU,AluYa5#SINE/Alu,-,0.341,False,,,,False
chr6,134366394,ALU,AluYa5#SINE/Alu,+,0.345,False,,,,False
chr6,136528890,ALU,AluYg6#SINE/Alu,+,0.39,False,,,,False
chr6,136697609,SVA,SVA_F#Retroposon/SVA,+,0.378,False,,,,False
chr6,139318494,ALU,AluYb8#SINE/Alu,-,0.38,False,,,,False
chr6,139521116,ALU,AluYa5#SINE/Alu,-,0.383,False,,,,False
chr6,141449739,ALU,AluYa5#SINE/Alu,-,0.293,False,,,,False
chr6,143630233,ALU,AluYa5#SINE/Alu,+,0.33,False,,,,False
chr6,145179796,LINE1,L1P1_orf2#LINE/L1,-,0.383,True,L1PA8,+,2392.0,False
chr6,147056912,ALU,AluYb9#SINE/Alu,-,0.403,True,AluSx3,+,245.0,False
chr6,147874662,LINE1,L1P1_orf2#LINE/L1,+,0.377,False,,,,False
chr6,148179622,SVA,SVA_D#Retroposon/SVA,-,0.551,True,SVA_D,-,1586.0,True
chr6,150589734,ALU,AluYa5#SINE/Alu,-,0.427,True,AluSx1,-,317.0,True
chr6,153312242,ALU,AluYf1#SINE/Alu,-,0.384,False,,,,False
chr6,154519516,ALU,AluYb9#SINE/Alu,+,0.347,False,,,,False
chr6,154730520,ALU,AluYh7#SINE/Alu,+,0.447,False,,,,False
chr6,155594876,ALU,AluYa5#SINE/Alu,+,0.333,False,,,,False
chr6,155996976,ALU,AluYg6#SINE/Alu,+,0.423,False,,,,False
chr6,157548100,LINE1,L1HS_5end#LINE/L1,-,0.39,False,,,,False
chr6,157746231,ALU,AluYa5#SINE/Alu,+,0.403,False,,,,False
chr6,157829152,ALU,AluYa5#SINE/Alu,-,0.359,False,,,,False
chr6,158689272,ALU,AluYa5#SINE/Alu,+,0.334,False,,,,False
chr6,158745262,ALU,AluYa5#SINE/Alu,+,0.37,False,,,,False
chr6,158783394,ALU,AluYb8#SINE/Alu,+,0.497,False,,,,False
chr6,160062986,ALU,AluYa5#SINE/Alu,-,0.453,False,,,,False
chr6,161760230,LINE1,L1P1_orf2#LINE/L1,+,0.428,False,,,,False
chr6,161950989,SVA,SVA_C#Retroposon/SVA,+,0.399,False,,,,False
chr6,162769341,ALU,AluYb8#SINE/Alu,+,0.365,False,,,,False
chr6,163393191,ALU,AluYg6#SINE/Alu,+,0.346,False,,,,False
chr6,164765905,ALU,AluYf1#SINE/Alu,-,0.358,False,,,,False
chr6,165013935,ALU,AluYb9#SINE/Alu,+,0.406,False,,,,False
chr6,165411087,ALU,AluYk3#SINE/Alu,+,0.475,True,AluY,+,307.0,True
chr6,166711317,ALU,AluYb9#SINE/Alu,+,0.439,False,,,,False
chr7,3051074,ALU,AluYa5#SINE/Alu,+,0.419,False,,,,False
chr7,3783915,ALU,AluYb8#SINE/Alu,+,0.325,False,,,,False
chr7,5791818,ALU,AluYg6#SINE/Alu,+,0.453,True,AluSx,+,311.0,True
chr7,6238916,ALU,AluY#SINE/Alu,+,0.432,False,,,,False
chr7,6274424,ALU,AluYb8#SINE/Alu,+,0.418,False,,,,False
chr7,8495330,ALU,AluYb9#SINE/Alu,-,0.395,False,,,,False
chr7,9765978,ALU,AluYa5#SINE/Alu,-,0.313,False,,,,False
chr7,10347310,ALU,AluY#SINE/Alu,-,0.368,False,,,,False
chr7,11786620,ALU,AluYa5#SINE/Alu,-,0.363,False,,,,False
chr7,12253802,LINE1,L1P3_orf2#LINE/L1,+,0.385,True,L1PA7,+,2542.0,True
chr7,13625107,ALU,AluYb8#SINE/Alu,-,0.461,True,AluYb8,+,310.0,False
chr7,18282973,ALU,AluYm1#SINE/Alu,-,0.416,False,,,,False
chr7,19478702,LINE1,L1PA7_3end#LINE/L1,-,0.407,False,,,,False
chr7,21248161,ALU,AluY_short_#SINE/Alu,-,0.401,False,,,,False
chr7,21584955,ALU,AluYa5#SINE/Alu,+,0.341,False,,,,False
chr7,21640511,ALU,AluYb8#SINE/Alu,+,0.387,False,,,,False
chr7,22813866,ALU,AluYa5#SINE/Alu,+,0.391,False,,,,False
chr7,24350612,ALU,AluY_short_#SINE/Alu,+,0.489,False,,,,False
chr7,28989743,ALU,AluY_short_#SINE/Alu,-,0.456,False,,,,False
chr7,34453182,ALU,AluYa5#SINE/Alu,+,0.283,False,,,,False
chr7,36030478,ALU,AluYa5#SINE/Alu,+,0.45,False,,,,False
chr7,37797042,ALU,AluYe5#SINE/Alu,-,0.366,False,,,,False
chr7,38720108,ALU,AluYb8#SINE/Alu,+,0.357,False,,,,False
chr7,42540397,ALU,AluYb8#SINE/Alu,-,0.333,False,,,,False
chr7,42564136,ALU,AluYa5#SINE/Alu,+,0.379,False,,,,False
chr7,44992618,SVA,SVA_B#Retroposon/SVA,-,0.482,True,SVA_B,-,685.0,True
chr7,46464930,ALU,AluYa5#SINE/Alu,+,0.416,False,,,,False
chr7,47630816,ALU,AluYa5#SINE/Alu,-,0.427,False,,,,False
chr7,48665321,ALU,AluYa5#SINE/Alu,+,0.364,False,,,,False
chr7,49018019,ALU,AluY_short_#SINE/Alu,-,0.292,False,,,,False
chr7,52054853,SVA,SVA_F#Retroposon/SVA,-,0.386,False,,,,False
chr7,52154294,LINE1,L1HS_3end#LINE/L1,+,0.365,False,,,,False
chr7,52336219,ALU,AluYg6#SINE/Alu,-,0.438,False,,,,False
chr7,53380298,ALU,AluYa5#SINE/Alu,+,0.419,False,,,,False
chr7,55783660,ALU,AluYa5#SINE/Alu,+,0.48,False,,,,False
chr7,56020626,ALU,AluSz6#SINE/Alu,-,0.472,True,AluSg,+,297.0,False
chr7,63011264,ALU,AluJb_short_#SINE/Alu,-,0.479,False,,,,False
chr7,63012681,ALU,AluSp#SINE/Alu,-,0.499,False,,,,False
chr7,63016310,ALU,AluSz#SINE/Alu,+,0.458,False,,,,False
chr7,66613323,ALU,AluYa5#SINE/Alu,+,0.488,False,,,,False
chr7,67351972,ALU,AluYa5#SINE/Alu,-,0.486,True,AluSc,-,308.0,True
chr7,71272982,ALU,AluYa8#SINE/Alu,-,0.401,False,,,,False
chr7,76415365,ALU,AluSg7#SINE/Alu,-,0.467,True,AluSx,+,286.0,False
chr7,77936714,ALU,AluYb8#SINE/Alu,+,0.406,False,,,,False
chr7,79032868,ALU,AluYa5#SINE/Alu,-,0.358,False,,,,False
chr7,83222434,ALU,AluYb8#SINE/Alu,-,0.361,False,,,,False
chr7,83317832,ALU,AluYb8#SINE/Alu,-,0.354,False,,,,False
chr7,83848642,ALU,AluYa5#SINE/Alu,+,0.309,False,,,,False
chr7,85113616,ALU,AluYa5#SINE/Alu,+,0.376,True,AluSc,+,309.0,True
chr7,85272408,LINE1,L1HS_3end#LINE/L1,-,0.389,False,,,,False
chr7,86806894,LINE1,L1P1_orf2#LINE/L1,-,0.377,True,L1PA5,-,2638.0,True
chr7,92122230,ALU,AluYe5#SINE/Alu,+,0.336,False,,,,False
chr7,92432101,ALU,AluYb9#SINE/Alu,+,0.406,False,,,,False
chr7,93928124,ALU,AluYb8#SINE/Alu,+,0.331,False,,,,False
chr7,95149746,ALU,AluYb8#SINE/Alu,+,0.301,False,,,,False
chr7,95248192,ALU,AluY#SINE/Alu,-,0.292,False,,,,False
chr7,97438218,ALU,AluYa5#SINE/Alu,-,0.336,False,,,,False
chr7,98568481,ALU,AluYa5#SINE/Alu,-,0.457,False,,,,False
chr7,99549040,ALU,AluSp#SINE/Alu,-,0.391,True,AluSp,-,170.0,True
chr7,101357122,ALU,AluYb8#SINE/Alu,+,0.483,True,AluSx1,+,313.0,True
chr7,105724816,ALU,AluY#SINE/Alu,-,0.463,False,,,,False
chr7,105924014,ALU,AluYa5#SINE/Alu,+,0.44,False,,,,False
chr7,108009543,ALU,AluYa5#SINE/Alu,+,0.418,False,,,,False
chr7,108188812,LINE1,L1HS_5end#LINE/L1,+,0.376,False,,,,False
chr7,112238786,ALU,AluYa5#SINE/Alu,-,0.488,False,,,,False
chr7,114228822,ALU,AluYa5#SINE/Alu,+,0.305,False,,,,False
chr7,115316540,ALU,AluYa5#SINE/Alu,-,0.3,False,,,,False
chr7,117740274,ALU,AluYa5#SINE/Alu,-,0.374,False,,,,False
chr7,118443254,ALU,AluYe5#SINE/Alu,-,0.355,False,,,,False
chr7,119551625,LINE1,L1HS_3end#LINE/L1,+,0.327,True,L1MA4,-,216.0,False
chr7,119619760,ALU,AluYa5#SINE/Alu,-,0.34,False,,,,False
chr7,119917988,ALU,AluJb#SINE/Alu,-,0.316,False,,,,False
chr7,119964484,ALU,AluYa5#SINE/Alu,+,0.344,False,,,,False
chr7,121482503,ALU,AluYa5#SINE/Alu,+,0.316,False,,,,False
chr7,124952966,ALU,AluYb8#SINE/Alu,+,0.35,False,,,,False
chr7,125272213,ALU,AluYa5#SINE/Alu,+,0.322,False,,,,False
chr7,125412976,ALU,AluYa5#SINE/Alu,-,0.306,False,,,,False
chr7,126462286,LINE1,L1MB2_3end#LINE/L1,+,0.297,False,,,,False
chr7,127021344,ALU,AluY_short_#SINE/Alu,-,0.35,False,,,,False
chr7,128289272,ALU,AluYi6#SINE/Alu,-,0.404,False,,,,False
chr7,128798308,ALU,AluSx3#SINE/Alu,+,0.523,True,AluSx1,-,297.0,False
chr7,129517330,ALU,AluSq2#SINE/Alu,+,0.5,False,,,,False
chr7,135670710,ALU,AluYc3#SINE/Alu,+,0.384,False,,,,False
chr7,136382728,ALU,AluYa5#SINE/Alu,+,0.319,False,,,,False
chr7,136494054,ALU,AluYe5#SINE/Alu,+,0.377,False,,,,False
chr7,138275579,ALU,FAM#SINE/Alu,-,0.371,True,AluSg7,-,247.0,True
chr7,142009753,ALU,AluYe5#SINE/Alu,-,0.386,False,,,,False
chr7,142358526,ALU,AluYk3#SINE/Alu,-,0.507,False,,,,False
chr7,146761670,ALU,AluYa5#SINE/Alu,-,0.35,False,,,,False
chr7,147505334,ALU,AluYa5#SINE/Alu,+,0.358,False,,,,False
chr7,148936241,ALU,AluSz#SINE/Alu,+,0.477,True,AluY,+,297.0,True
chr7,150506274,SVA,SVA_D#Retroposon/SVA,-,0.472,True,SVA_D,-,691.0,True
chr7,150885182,ALU,AluYb8#SINE/Alu,+,0.33,False,,,,False
chr7,152570164,ALU,AluYb8#SINE/Alu,-,0.473,False,,,,False
chr7,154590560,ALU,AluYb8#SINE/Alu,-,0.444,True,AluSp,-,302.0,True
chr7,157558092,ALU,AluYb8#SINE/Alu,-,0.47,False,,,,False
chr8,5971763,LINE1,L1HS_3end#LINE/L1,-,0.443,False,,,,False
chr8,6187448,ALU,AluY#SINE/Alu,+,0.391,False,,,,False
chr8,9202574,ALU,AluYa5#SINE/Alu,-,0.432,False,,,,False
chr8,9808155,ALU,AluYb8#SINE/Alu,+,0.42,False,,,,False
chr8,9950386,ALU,AluYb8#SINE/Alu,+,0.463,False,,,,False
chr8,10275088,ALU,AluYa5#SINE/Alu,-,0.377,False,,,,False
chr8,10468766,ALU,AluYa5#SINE/Alu,-,0.409,False,,,,False
chr8,17346666,ALU,AluYa5#SINE/Alu,+,0.433,False,,,,False
chr8,17478505,ALU,AluYa5#SINE/Alu,-,0.36,False,,,,False
chr8,18085620,ALU,AluYb8#SINE/Alu,+,0.38,False,,,,False
chr8,18759960,ALU,AluYb8#SINE/Alu,+,0.335,False,,,,False
chr8,19801423,ALU,AluYk12#SINE/Alu,+,0.45,False,,,,False
chr8,22922446,ALU,AluYb8#SINE/Alu,+,0.481,True,AluJb,+,291.0,True
chr8,23241734,ALU,AluYa5#SINE/Alu,+,0.449,True,AluSc,-,291.0,False
chr8,23627995,SVA,SVA_F#Retroposon/SVA,-,0.439,False,,,,False
chr8,26088220,ALU,AluYa5#SINE/Alu,-,0.372,False,,,,False
chr8,26215879,ALU,AluY#SINE/Alu,-,0.457,False,,,,False
chr8,28002548,ALU,AluYb8#SINE/Alu,+,0.355,False,,,,False
chr8,30006465,SVA,SVA_E#Retroposon/SVA,-,0.444,False,,,,False
chr8,32502463,ALU,AluYk3#SINE/Alu,-,0.382,False,,,,False
chr8,34612135,ALU,AluYb8#SINE/Alu,+,0.422,False,,,,False
chr8,39006550,ALU,AluY#SINE/Alu,+,0.353,False,,,,False
chr8,40214944,ALU,AluYb8#SINE/Alu,+,0.374,False,,,,False
chr8,41412944,ALU,AluYb8#SINE/Alu,-,0.395,False,,,,False
chr8,42884942,ALU,AluSq2#SINE/Alu,-,0.416,True,AluSq,-,301.0,True
chr8,49637811,ALU,AluYa5#SINE/Alu,-,0.282,False,,,,False
chr8,50778655,LINE1,L1P1_orf2#LINE/L1,-,0.397,True,L1PA3,-,6140.0,True
chr8,53185832,ALU,AluYd8#SINE/Alu,-,0.271,False,,,,False
chr8,56935368,ALU,AluYe5#SINE/Alu,+,0.477,False,,,,False
chr8,57072056,ALU,AluSx4#SINE/Alu,+,0.567,True,AluSx1,+,309.0,True
chr8,58586447,ALU,AluYb8#SINE/Alu,+,0.351,False,,,,False
chr8,58733074,ALU,AluYb8#SINE/Alu,-,0.402,False,,,,False
chr8,59460466,LINE1,L1P1_orf2#LINE/L1,-,0.385,True,L1PA4,-,6138.0,True
chr8,60567712,SVA,SVA_C#Retroposon/SVA,-,0.34,False,,,,False
chr8,64549216,ALU,AluSz#SINE/Alu,+,0.282,False,,,,False
chr8,66121520,ALU,AluYb8#SINE/Alu,-,0.452,False,,,,False
chr8,67930555,ALU,AluY_short_#SINE/Alu,-,0.399,False,,,,False
chr8,68069566,ALU,AluYb8#SINE/Alu,+,0.268,False,,,,False
chr8,68674888,ALU,AluSp#SINE/Alu,+,0.331,False,,,,False
chr8,69160388,ALU,AluYc#SINE/Alu,+,0.454,True,AluJo,+,237.0,True
chr8,70023702,ALU,AluYc#SINE/Alu,+,0.488,True,AluSx,-,305.0,False
chr8,70838944,ALU,AluSq2#SINE/Alu,-,0.357,False,,,,False
chr8,71486994,LINE1,L1HS_5end#LINE/L1,-,0.424,False,,,,False
chr8,72332398,ALU,AluYb8#SINE/Alu,-,0.373,False,,,,False
chr8,72849156,ALU,AluYb8#SINE/Alu,-,0.268,False,,,,False
chr8,73413723,ALU,AluYb8#SINE/Alu,-,0.432,False,,,,False
chr8,74063737,ALU,AluJo#SINE/Alu,-,0.3,False,,,,False
chr8,74150330,ALU,AluYm1#SINE/Alu,+,0.338,False,,,,False
chr8,74463105,ALU,AluYa5#SINE/Alu,+,0.368,False,,,,False
chr8,74490082,ALU,AluYa5#SINE/Alu,+,0.357,False,,,,False
chr8,74536580,ALU,AluYa5#SINE/Alu,-,0.388,False,,,,False
chr8,74791536,ALU,AluYb8#SINE/Alu,-,0.407,False,,,,False
chr8,76954850,ALU,AluSc#SINE/Alu,+,0.328,False,,,,False
chr8,81350717,ALU,AluYa5#SINE/Alu,-,0.352,False,,,,False
chr8,81512804,ALU,AluYa5#SINE/Alu,+,0.35,False,,,,False
chr8,82989612,ALU,AluYa5#SINE/Alu,+,0.347,False,,,,False
chr8,84962075,LINE1,L1P1_orf2#LINE/L1,+,0.394,True,L1PA7,+,291.0,True
chr8,85019920,ALU,AluYa5#SINE/Alu,+,0.296,False,,,,False
chr8,86757870,ALU,AluYa5#SINE/Alu,+,0.339,False,,,,False
chr8,91545766,ALU,AluYa5#SINE/Alu,-,0.381,False,,,,False
chr8,93150251,ALU,AluYg6#SINE/Alu,-,0.292,False,,,,False
chr8,94267774,ALU,AluYb8#SINE/Alu,+,0.371,False,,,,False
chr8,94284380,ALU,AluYa5#SINE/Alu,+,0.343,False,,,,False
chr8,94491138,ALU,AluYa5#SINE/Alu,+,0.424,True,AluSz,+,293.0,True
chr8,94607314,LINE1,L1M1_5end#LINE/L1,+,0.404,True,L1PB1,+,951.0,True
chr8,95455558,ALU,AluYa5#SINE/Alu,-,0.39,False,,,,False
chr8,105652289,ALU,AluYa5#SINE/Alu,-,0.351,False,,,,False
chr8,105908510,ALU,AluSc8#SINE/Alu,+,0.418,False,,,,False
chr8,106380204,ALU,AluYa5#SINE/Alu,+,0.351,False,,,,False
chr8,106708924,ALU,AluYa5#SINE/Alu,+,0.316,False,,,,False
chr8,108123701,SVA,SVA_F#Retroposon/SVA,-,0.414,False,,,,False
chr8,109066864,ALU,AluYa5#SINE/Alu,+,0.372,False,,,,False
chr8,109089370,ALU,AluYe5#SINE/Alu,-,0.297,False,,,,False
chr8,113780686,ALU,AluYg6#SINE/Alu,-,0.355,False,,,,False
chr8,114869546,LINE1,L1HS_3end#LINE/L1,+,0.355,False,,,,False
chr8,116034788,ALU,AluYg6#SINE/Alu,+,0.371,False,,,,False
chr8,121651138,ALU,AluYa5#SINE/Alu,+,0.388,False,,,,False
chr8,122885460,ALU,AluYf1#SINE/Alu,+,0.464,False,,,,False
chr8,124877722,ALU,AluYa5#SINE/Alu,-,0.396,False,,,,False
chr8,125011866,ALU,AluYa5#SINE/Alu,-,0.363,False,,,,False
chr8,126853228,ALU,AluYa5#SINE/Alu,+,0.369,False,,,,False
chr8,127521595,LINE1,L1PA2_3end#LINE/L1,-,0.272,True,L1ME3D,+,1572.0,False
chr8,128943514,ALU,AluYk12#SINE/Alu,+,0.345,False,,,,False
chr8,130663840,ALU,AluYa5#SINE/Alu,+,0.308,False,,,,False
chr8,132713201,ALU,AluYa5#SINE/Alu,-,0.414,False,,,,False
chr8,133597885,SVA,SVA_F#Retroposon/SVA,-,0.467,False,,,,False
chr8,137282946,ALU,AluYa5#SINE/Alu,-,0.494,False,,,,False
chr8,138313730,ALU,AluYg6#SINE/Alu,+,0.419,False,,,,False
chr8,141858688,ALU,AluYa5#SINE/Alu,-,0.407,False,,,,False
chr8,144347174,ALU,AluYe5#SINE/Alu,+,0.471,False,,,,False
chr8,144669260,ALU,AluJr#SINE/Alu,+,0.395,True,AluY,+,310.0,True
chr8,144695192,ALU,AluSq2#SINE/Alu,-,0.473,True,AluY,-,306.0,True
chr9,755227,ALU,AluYb8#SINE/Alu,+,0.481,False,,,,False
chr9,848904,ALU,AluYb9#SINE/Alu,-,0.434,False,,,,False
chr9,1631820,ALU,AluYb8#SINE/Alu,-,0.441,False,,,,False
chr9,4237136,ALU,AluSx3#SINE/Alu,+,0.335,False,,,,False
chr9,4814234,ALU,AluYa5#SINE/Alu,-,0.417,False,,,,False
chr9,4846895,ALU,AluYg6#SINE/Alu,-,0.423,True,AluSx,-,289.0,True
chr9,6290492,LINE1,L1HS_3end#LINE/L1,-,0.414,False,,,,False
chr9,6704826,ALU,AluYa5#SINE/Alu,-,0.546,False,,,,False
chr9,6780322,ALU,AluYb8#SINE/Alu,-,0.39,False,,,,False
chr9,8645771,ALU,AluYa5#SINE/Alu,+,0.364,False,,,,False
chr9,12601796,ALU,AluYa5#SINE/Alu,+,0.29,False,,,,False
chr9,16896150,ALU,AluJb#SINE/Alu,+,0.445,False,,,,False
chr9,17123021,ALU,AluYb8#SINE/Alu,-,0.397,False,,,,False
chr9,17695792,ALU,AluYa5#SINE/Alu,+,0.413,False,,,,False
chr9,21038496,ALU,AluYa5#SINE/Alu,-,0.343,False,,,,False
chr9,21109530,ALU,AluYb8#SINE/Alu,-,0.272,False,,,,False
chr9,22293313,ALU,AluYe5#SINE/Alu,-,0.353,False,,,,False
chr9,30452060,ALU,AluYa5#SINE/Alu,-,0.393,False,,,,False
chr9,30495888,LINE1,L1P1_orf2#LINE/L1,-,0.313,True,L1MA4,+,2630.0,False
chr9,30674461,LINE1,L1HS_3end#LINE/L1,+,0.265,False,,,,False
chr9,32463888,LINE1,L1HS_3end#LINE/L1,-,0.412,False,,,,False
chr9,33130556,SVA,SVA_F#Retroposon/SVA,+,0.482,False,,,,False
chr9,34019760,ALU,AluYb8#SINE/Alu,+,0.447,False,,,,False
chr9,34904798,LINE1,L1PB_orf2#LINE/L1,-,0.408,True,L1PB,-,109.0,True
chr9,35918456,ALU,AluYh3#SINE/Alu,-,0.471,True,AluY,-,269.0,True
chr9,37596343,ALU,AluYe5#SINE/Alu,+,0.395,False,,,,False
chr9,38767770,ALU,AluYe5#SINE/Alu,+,0.392,False,,,,False
chr9,68575208,LINE1,L1P1_orf2#LINE/L1,+,0.376,False,,,,False
chr9,70358714,ALU,AluYb8#SINE/Alu,-,0.372,False,,,,False
chr9,70969536,LINE1,L1P1_orf2#LINE/L1,-,0.35,False,,,,False
chr9,71403848,ALU,AluYa5#SINE/Alu,-,0.35,False,,,,False
chr9,71929868,ALU,AluYb8#SINE/Alu,+,0.322,False,,,,False
chr9,72616624,ALU,AluYa5#SINE/Alu,+,0.375,False,,,,False
chr9,72800728,ALU,AluYb8#SINE/Alu,-,0.393,False,,,,False
chr9,73582880,ALU,AluYb8#SINE/Alu,-,0.309,False,,,,False
chr9,74278162,ALU,AluYa8#SINE/Alu,+,0.331,False,,,,False
chr9,76337143,ALU,AluYa5#SINE/Alu,+,0.394,False,,,,False
chr9,76836362,ALU,AluYa5#SINE/Alu,-,0.397,False,,,,False
chr9,78307753,ALU,AluYb8#SINE/Alu,+,0.455,False,,,,False
chr9,81244752,ALU,AluYa5#SINE/Alu,-,0.331,False,,,,False
chr9,83614600,SVA,SVA_E#Retroposon/SVA,+,0.431,False,,,,False
chr9,87331104,ALU,AluYa5#SINE/Alu,+,0.376,False,,,,False
chr9,88200014,ALU,AluYk12#SINE/Alu,+,0.391,True,AluSz,+,272.0,True
chr9,88743207,ALU,AluYa5#SINE/Alu,-,0.411,False,,,,False
chr9,89826804,ALU,AluYe5#SINE/Alu,-,0.422,False,,,,False
chr9,90295235,ALU,AluJb#SINE/Alu,-,0.32,False,,,,False
chr9,90432256,ALU,AluYa5#SINE/Alu,-,0.308,False,,,,False
chr9,91510818,ALU,AluYb8#SINE/Alu,+,0.355,False,,,,False
chr9,92520056,ALU,AluYa5#SINE/Alu,+,0.384,True,AluJr,+,291.0,True
chr9,94147782,ALU,AluYa5#SINE/Alu,+,0.519,False,,,,False
chr9,96792501,ALU,AluYa5#SINE/Alu,-,0.358,False,,,,False
chr9,100024399,ALU,AluYa5#SINE/Alu,+,0.358,False,,,,False
chr9,100087020,ALU,AluYa5#SINE/Alu,+,0.33,False,,,,False
chr9,101024112,SVA,SVA_D#Retroposon/SVA,-,0.409,False,,,,False
chr9,101461601,ALU,AluYa5#SINE/Alu,-,0.442,False,,,,False
chr9,102617340,ALU,AluYa5#SINE/Alu,+,0.263,False,,,,False
chr9,102688330,ALU,AluYa5#SINE/Alu,+,0.352,False,,,,False
chr9,106011492,ALU,AluYb8#SINE/Alu,+,0.44,False,,,,False
chr9,110729250,ALU,AluYb8#SINE/Alu,+,0.306,False,,,,False
chr9,110837896,ALU,AluYa5#SINE/Alu,+,0.392,False,,,,False
chr9,112106757,ALU,AluYa5#SINE/Alu,+,0.386,False,,,,False
chr9,113207350,ALU,AluYb8#SINE/Alu,-,0.437,True,AluSg,-,289.0,True
chr9,115165993,ALU,AluYf1#SINE/Alu,+,0.423,False,,,,False
chr9,120292898,ALU,AluY#SINE/Alu,-,0.389,False,,,,False
chr9,122723880,LINE1,L1PA7_3end#LINE/L1,+,0.405,False,,,,False
chr9,127455645,ALU,AluYa5#SINE/Alu,-,0.476,False,,,,False
chr9,129426088,ALU,AluYm1#SINE/Alu,-,0.551,False,,,,False
chr9,129440888,ALU,AluSq2#SINE/Alu,-,0.546,False,,,,False
chr9,129442926,ALU,AluSq2#SINE/Alu,-,0.51,False,,,,False
chr9,131414417,SVA,SVA_F#Retroposon/SVA,-,0.429,False,,,,False
chr9,131695021,ALU,AluYa5#SINE/Alu,-,0.473,False,,,,False
chr9,134007632,ALU,AluYb8#SINE/Alu,+,0.506,False,,,,False
chr10,1385484,LINE1,L1HS_5end#LINE/L1,+,0.314,True,L1ME2,+,685.0,True
chr10,2035358,ALU,AluYa5#SINE/Alu,+,0.388,False,,,,False
chr10,3041566,SVA,SVA_F#Retroposon/SVA,+,0.384,False,,,,False
chr10,3526825,ALU,AluYg6#SINE/Alu,+,0.433,False,,,,False
chr10,3752668,ALU,AluSc#SINE/Alu,-,0.499,True,AluSz,-,276.0,True
chr10,7220774,ALU,AluYa5#SINE/Alu,-,0.478,False,,,,False
chr10,9469025,ALU,AluYa5#SINE/Alu,-,0.305,False,,,,False
chr10,10093400,ALU,AluYb8#SINE/Alu,-,0.444,False,,,,False
chr10,10573786,ALU,AluYa5#SINE/Alu,+,0.333,False,,,,False
chr10,12625604,ALU,AluYb8#SINE/Alu,-,0.441,True,AluJr4,-,258.0,True
chr10,13241689,ALU,AluSp#SINE/Alu,-,0.457,True,AluJo,-,291.0,True
chr10,14354692,ALU,AluYa5#SINE/Alu,+,0.445,False,,,,False
chr10,14442820,ALU,AluYa5#SINE/Alu,+,0.306,False,,,,False
chr10,15209440,ALU,AluSp#SINE/Alu,-,0.447,True,AluSq,-,312.0,True
chr10,17670786,SVA,SVA_F#Retroposon/SVA,+,0.313,False,,,,False
chr10,18927730,LINE1,L1HS_3end#LINE/L1,+,0.298,False,,,,False
chr10,19497374,ALU,AluYb9#SINE/Alu,+,0.325,False,,,,False
chr10,19843080,ALU,AluYa5#SINE/Alu,+,0.319,False,,,,False
chr10,20903896,ALU,AluYb8#SINE/Alu,+,0.372,False,,,,False
chr10,24080850,ALU,AluYb8#SINE/Alu,-,0.346,False,,,,False
chr10,25198991,ALU,AluYb8#SINE/Alu,+,0.342,False,,,,False
chr10,25418765,LINE1,L1HS_5end#LINE/L1,-,0.275,False,,,,False
chr10,25512730,LINE1,L1HS_3end#LINE/L1,-,0.351,True,L1PB1,-,4817.0,True
chr10,25668392,ALU,AluYb9#SINE/Alu,+,0.365,False,,,,False
chr10,26702242,ALU,AluYa5#SINE/Alu,-,0.459,False,,,,False
chr10,27640994,ALU,AluYb8#SINE/Alu,-,0.334,False,,,,False
chr10,27945892,ALU,AluYb8#SINE/Alu,+,0.334,False,,,,False
chr10,28649717,ALU,AluYa5#SINE/Alu,-,0.454,True,AluY,+,310.0,False
chr10,28813606,ALU,AluYa5#SINE/Alu,-,0.431,False,,,,False
chr10,28857382,ALU,AluYa5#SINE/Alu,-,0.475,False,,,,False
chr10,29729678,ALU,AluY#SINE/Alu,+,0.494,True,AluSg,+,307.0,True
chr10,30144485,ALU,AluYa5#SINE/Alu,+,0.429,False,,,,False
chr10,31247226,ALU,AluYa5#SINE/Alu,-,0.346,False,,,,False
chr10,35706134,ALU,AluY_short_#SINE/Alu,-,0.387,False,,,,False
chr10,36657536,ALU,AluYm1#SINE/Alu,-,0.384,True,AluY,-,312.0,True
chr10,51303342,LINE1,L1P1_orf2#LINE/L1,-,0.329,False,,,,False
chr10,51432700,LINE1,L1P1_orf2#LINE/L1,-,0.356,False,,,,False
chr10,51449646,ALU,AluYc3#SINE/Alu,+,0.304,False,,,,False
chr10,52707176,ALU,AluYa5#SINE/Alu,+,0.396,False,,,,False
chr10,52922498,ALU,AluYi6#SINE/Alu,-,0.388,False,,,,False
chr10,54223528,ALU,AluYa5#SINE/Alu,-,0.374,False,,,,False
chr10,55142602,ALU,AluYa5#SINE/Alu,-,0.341,False,,,,False
chr10,55406354,ALU,AluY_short_#SINE/Alu,+,0.382,False,,,,False
chr10,56214866,ALU,AluYa5#SINE/Alu,+,0.391,False,,,,False
chr10,57144246,ALU,AluY#SINE/Alu,+,0.323,False,,,,False
chr10,58757483,ALU,AluYf1#SINE/Alu,+,0.38,False,,,,False
chr10,59225152,ALU,AluYa5#SINE/Alu,+,0.324,False,,,,False
chr10,62700242,ALU,AluYb8#SINE/Alu,-,0.3,False,,,,False
chr10,62751132,ALU,AluYa5#SINE/Alu,+,0.296,False,,,,False
chr10,64571424,ALU,AluSc8#SINE/Alu,+,0.37,False,,,,False
chr10,65077304,ALU,AluYa5#SINE/Alu,-,0.31,False,,,,False
chr10,66484238,ALU,AluYa5#SINE/Alu,+,0.309,False,,,,False
chr10,66552648,ALU,AluYb8#SINE/Alu,-,0.34,False,,,,False
chr10,66560321,ALU,AluYa5#SINE/Alu,+,0.341,False,,,,False
chr10,68220241,SVA,SVA_F#Retroposon/SVA,+,0.321,False,,,,False
chr10,68405666,ALU,AluYa5#SINE/Alu,+,0.394,False,,,,False
chr10,68926150,ALU,AluYi6#SINE/Alu,-,0.426,True,AluJr4,+,178.0,False
chr10,69121320,ALU,AluYa5#SINE/Alu,-,0.404,False,,,,False
chr10,71902238,ALU,AluYa5#SINE/Alu,+,0.506,True,AluSx,+,312.0,True
chr10,76736928,ALU,AluYa5#SINE/Alu,+,0.421,False,,,,False
chr10,87613917,ALU,AluYb8#SINE/Alu,+,0.443,False,,,,False
chr10,88055212,ALU,AluYa5#SINE/Alu,+,0.383,False,,,,False
chr10,90455308,ALU,AluYa5#SINE/Alu,-,0.354,False,,,,False
chr10,90578259,ALU,AluYa5#SINE/Alu,-,0.297,False,,,,False
chr10,90971190,LINE1,L1P1_orf2#LINE/L1,-,0.49,False,,,,False
chr10,95004223,ALU,AluY_short_#SINE/Alu,-,0.34,False,,,,False
chr10,98137984,ALU,AluYa5#SINE/Alu,-,0.337,False,,,,False
chr10,99749540,ALU,AluYa5#SINE/Alu,+,0.329,False,,,,False
chr10,102000600,ALU,AluYa5#SINE/Alu,+,0.444,True,AluJb,+,314.0,True
chr10,106131796,ALU,AluY_short_#SINE/Alu,-,0.331,False,,,,False
chr10,106831660,ALU,AluYd8#SINE/Alu,+,0.333,False,,,,False
chr10,107231518,ALU,AluYa5#SINE/Alu,-,0.406,False,,,,False
chr10,108693710,LINE1,L1HS_3end#LINE/L1,+,0.442,True,L1M4c,+,956.0,True
chr10,110417996,LINE1,L1PA3_3end#LINE/L1,+,0.518,False,,,,False
chr10,122976482,ALU,AluYk12#SINE/Alu,+,0.328,False,,,,False
chr10,124124525,ALU,AluYe5#SINE/Alu,-,0.447,False,,,,False
chr10,125295070,LINE1,L1HS_5end#LINE/L1,-,0.39,False,,,,False
chr10,125518457,SVA,SVA_D#Retroposon/SVA,+,0.628,True,SVA_D,+,1400.0,True
chr10,128776722,ALU,AluYa5#SINE/Alu,-,0.405,False,,,,False
chr10,129090566,ALU,AluYa5#SINE/Alu,+,0.482,False,,,,False
chr10,130347315,ALU,AluYb8#SINE/Alu,-,0.343,False,,,,False
chr10,132723902,ALU,AluYb8#SINE/Alu,-,0.524,False,,,,False
chr11,428021,ALU,AluYe5#SINE/Alu,-,0.563,False,,,,False
chr11,3246573,ALU,AluYa5#SINE/Alu,-,0.422,False,,,,False
chr11,5218377,LINE1,L1P1_orf2#LINE/L1,-,0.39,True,L1PA4,-,6126.0,True
chr11,7071564,ALU,AluYb8#SINE/Alu,+,0.382,False,,,,False
chr11,7591460,ALU,AluYb8#SINE/Alu,+,0.45,False,,,,False
chr11,7695678,ALU,AluYa5#SINE/Alu,-,0.434,False,,,,False
chr11,8075116,SVA,SVA_F#Retroposon/SVA,-,0.431,False,,,,False
chr11,9309521,ALU,AluYh3#SINE/Alu,-,0.453,False,,,,False
chr11,9736446,ALU,AluYb8#SINE/Alu,+,0.39,False,,,,False
chr11,10711841,ALU,AluYa5#SINE/Alu,-,0.458,False,,,,False
chr11,15358706,LINE1,L1HS_3end#LINE/L1,-,0.324,True,L1MA8,+,954.0,False
chr11,19070973,ALU,AluYa5#SINE/Alu,-,0.416,False,,,,False
chr11,19618912,LINE1,L1PA5_3end#LINE/L1,-,0.471,True,L1PA5,-,5987.0,True
chr11,19941457,ALU,AluYb8#SINE/Alu,+,0.408,False,,,,False
chr11,22056861,ALU,AluYb9#SINE/Alu,+,0.408,False,,,,False
chr11,23336963,ALU,AluYa5#SINE/Alu,+,0.328,False,,,,False
chr11,23501252,ALU,AluYb8#SINE/Alu,+,0.34,False,,,,False
chr11,23910832,ALU,AluYb8#SINE/Alu,-,0.289,False,,,,False
chr11,23993684,ALU,AluYb8#SINE/Alu,-,0.487,False,,,,False
chr11,24188416,ALU,AluY_short_#SINE/Alu,+,0.353,False,,,,False
chr11,24371557,ALU,AluSg#SINE/Alu,-,0.339,True,AluJb,-,156.0,True
chr11,24771405,ALU,AluYa5#SINE/Alu,-,0.384,False,,,,False
chr11,25996904,ALU,AluYg6#SINE/Alu,-,0.301,False,,,,False
chr11,26045926,ALU,AluSc5#SINE/Alu,+,0.365,False,,,,False
chr11,26138438,LINE1,L1P1_orf2#LINE/L1,+,0.342,False,,,,False
chr11,27018428,ALU,AluYa5#SINE/Alu,+,0.383,False,,,,False
chr11,30799157,ALU,AluYb8#SINE/Alu,-,0.396,False,,,,False
chr11,32412726,ALU,AluYa5#SINE/Alu,+,0.406,False,,,,False
chr11,32870506,ALU,AluYb8#SINE/Alu,+,0.473,False,,,,False
chr11,33648584,LINE1,L1P1_orf2#LINE/L1,+,0.427,False,,,,False
chr11,33653945,ALU,AluY#SINE/Alu,-,0.394,False,,,,False
chr11,35283018,ALU,AluYb8#SINE/Alu,+,0.445,False,,,,False
chr11,35986033,ALU,AluYa5#SINE/Alu,-,0.416,False,,,,False
chr11,37684740,ALU,AluYa5#SINE/Alu,+,0.274,False,,,,False
chr11,38779518,ALU,AluYa5#SINE/Alu,+,0.356,False,,,,False
chr11,38980220,ALU,AluYh7#SINE/Alu,+,0.295,True,Alu,+,72.0,True
chr11,38995183,ALU,AluYb8#SINE/Alu,-,0.352,False,,,,False
chr11,39135674,ALU,AluYa5#SINE/Alu,-,0.34,False,,,,False
chr11,39953993,ALU,AluY_short_#SINE/Alu,-,0.407,False,,,,False
chr11,41508692,ALU,AluYb8#SINE/Alu,+,0.396,False,,,,False
chr11,41848318,LINE1,L1P1_orf2#LINE/L1,-,0.392,False,,,,False
chr11,43441124,ALU,AluYb8#SINE/Alu,+,0.39,True,AluSz6,+,302.0,True
chr11,47557564,ALU,AluYa5#SINE/Alu,-,0.506,False,,,,False
chr11,47638386,ALU,AluSq2#SINE/Alu,+,0.416,True,AluYc3,+,290.0,True
chr11,48734297,LINE1,L1HS_3end#LINE/L1,+,0.491,True,L1PA4,+,6033.0,True
chr11,55641416,ALU,AluY_short_#SINE/Alu,+,0.32,False,,,,False
chr11,56429896,ALU,AluYb8#SINE/Alu,-,0.366,False,,,,False
chr11,58404370,LINE1,L1P1_orf2#LINE/L1,+,0.355,False,,,,False
chr11,62492885,ALU,AluYb8#SINE/Alu,+,0.484,True,AluJb,+,299.0,True
chr11,62681110,ALU,AluYb8#SINE/Alu,-,0.483,False,,,,False
chr11,63378236,ALU,AluYa5#SINE/Alu,-,0.344,False,,,,False
chr11,63893358,LINE1,L1MB8_3end#LINE/L1,-,0.416,True,L1MB8,-,259.0,True
chr11,66240784,ALU,AluYa5#SINE/Alu,-,0.551,False,,,,False
chr11,67008852,ALU,AluYa5#SINE/Alu,-,0.502,False,,,,False
chr11,68428936,ALU,AluYk11#SINE/Alu,+,0.505,True,AluJb,+,308.0,True
chr11,69733616,ALU,AluYc#SINE/Alu,+,0.454,False,,,,False
chr11,69837015,ALU,AluYb9#SINE/Alu,-,0.467,False,,,,False
chr11,70803373,LINE1,HAL1b#LINE/L1,-,0.508,False,,,,False
chr11,71563392,LINE1,L1MA4_3end#LINE/L1,+,0.418,True,L1MA5,-,601.0,False
chr11,73872344,ALU,AluY#SINE/Alu,-,0.416,False,,,,False
chr11,74229485,ALU,AluYb8#SINE/Alu,+,0.336,False,,,,False
chr11,74353861,SVA,SVA_B#Retroposon/SVA,-,0.452,True,SVA_B,-,551.0,True
chr11,74656968,LINE1,L1M1_orf2#LINE/L1,-,0.344,True,L1M1,-,1453.0,True
chr11,78300303,ALU,AluYb8#SINE/Alu,+,0.364,False,,,,False
chr11,81347022,ALU,AluYb8#SINE/Alu,+,0.395,False,,,,False
chr11,81471310,LINE1,L1P1_orf2#LINE/L1,+,0.4,False,,,,False
chr11,81572834,ALU,AluYb9#SINE/Alu,-,0.34,False,,,,False
chr11,84990680,ALU,AluYa5#SINE/Alu,+,0.355,False,,,,False
chr11,89175777,ALU,AluYa5#SINE/Alu,-,0.393,False,,,,False
chr11,90267339,LINE1,L1P3_orf2#LINE/L1,-,0.381,True,L1PA7,-,5852.0,True
chr11,92875318,ALU,AluSz6#SINE/Alu,+,0.401,False,,,,False
chr11,95135556,ALU,AluY_short_#SINE/Alu,-,0.442,True,AluYh3a3,-,255.0,True
chr11,97405044,ALU,AluYa5#SINE/Alu,-,0.316,False,,,,False
chr11,98596658,ALU,AluYa5#SINE/Alu,-,0.317,False,,,,False
chr11,99269716,ALU,AluYa5#SINE/Alu,+,0.297,False,,,,False
chr11,100465572,ALU,AluYa5#SINE/Alu,-,0.38,False,,,,False
chr11,101925708,ALU,AluJr#SINE/Alu,+,0.432,True,AluSx1,-,252.0,False
chr11,102654745,ALU,AluYb8#SINE/Alu,-,0.431,False,,,,False
chr11,103108382,ALU,AluYa5#SINE/Alu,-,0.374,False,,,,False
chr11,103330544,ALU,AluYb8#SINE/Alu,-,0.309,False,,,,False
chr11,103921868,ALU,AluYb8#SINE/Alu,+,0.323,False,,,,False
chr11,103983458,ALU,AluYa5#SINE/Alu,+,0.358,False,,,,False
chr11,104274014,ALU,AluYa5#SINE/Alu,+,0.381,False,,,,False
chr11,104685402,LINE1,L1P1_orf2#LINE/L1,-,0.345,False,,,,False
chr11,104915872,ALU,AluYa5#SINE/Alu,+,0.408,False,,,,False
chr11,105965318,ALU,AluYb8#SINE/Alu,+,0.402,False,,,,False
chr11,106173846,ALU,AluYa5#SINE/Alu,+,0.426,False,,,,False
chr11,106299748,ALU,AluYa5#SINE/Alu,+,0.429,False,,,,False
chr11,107906924,ALU,AluYa5#SINE/Alu,+,0.386,False,,,,False
chr11,108113348,ALU,AluYk3#SINE/Alu,+,0.428,True,AluJb,+,295.0,True
chr11,110507160,LINE1,L1HS_3end#LINE/L1,-,0.517,False,,,,False
chr11,111125698,ALU,AluYa5#SINE/Alu,-,0.413,False,,,,False
chr11,116975256,ALU,AluYb8#SINE/Alu,-,0.334,False,,,,False
chr11,118421756,ALU,AluSz6#SINE/Alu,+,0.437,True,AluJr,+,298.0,True
chr11,119253544,ALU,FLAM_C#SINE/Alu,+,0.392,True,AluSz6,+,332.0,True
chr11,121257304,ALU,AluYd8#SINE/Alu,-,0.354,False,,,,False
chr11,122055151,ALU,AluYa5#SINE/Alu,+,0.316,False,,,,False
chr11,123692227,ALU,AluYb8#SINE/Alu,-,0.412,False,,,,False
chr11,127797348,ALU,AluYb8#SINE/Alu,+,0.386,False,,,,False
chr11,129635313,LINE1,L1P1_orf2#LINE/L1,-,0.362,False,,,,False
chr11,129889654,ALU,AluYa5#SINE/Alu,+,0.426,False,,,,False
chr11,132002908,ALU,AluYa5#SINE/Alu,-,0.404,False,,,,False
chr11,132528226,LINE1,L1HS_3end#LINE/L1,-,0.387,False,,,,False
chr11,134055484,ALU,AluSg#SINE/Alu,+,0.519,True,AluSg,+,297.0,True
chr11,134435752,LINE1,L1HS_3end#LINE/L1,-,0.559,False,,,,False
chr12,1180826,ALU,AluYb8#SINE/Alu,-,0.412,True,AluSz,-,287.0,True
chr12,1407535,ALU,AluYb8#SINE/Alu,-,0.373,False,,,,False
chr12,1543324,ALU,AluJr4#SINE/Alu,-,0.422,False,,,,False
chr12,1620968,ALU,AluSp#SINE/Alu,-,0.46,True,AluSc,-,291.0,True
chr12,4633746,ALU,AluYa5#SINE/Alu,-,0.324,False,,,,False
chr12,4661714,ALU,AluYg6#SINE/Alu,-,0.428,False,,,,False
chr12,6362949,ALU,AluSp#SINE/Alu,-,0.506,True,AluJb,-,301.0,True
chr12,6403572,ALU,AluSx4#SINE/Alu,+,0.433,True,AluSz,+,182.0,True
chr12,9093830,ALU,AluYm1#SINE/Alu,+,0.438,True,AluJo,+,113.0,True
chr12,9750463,ALU,AluYa5#SINE/Alu,-,0.351,False,,,,False
chr12,10081596,ALU,AluYf1#SINE/Alu,-,0.423,False,,,,False
chr12,11066596,LINE1,L1PA3_3end#LINE/L1,-,0.302,False,,,,False
chr12,11084775,LINE1,L1PA6_3end#LINE/L1,+,0.341,False,,,,False
chr12,12295944,ALU,AluYa5#SINE/Alu,-,0.459,False,,,,False
chr12,12456850,ALU,AluYa5#SINE/Alu,+,0.371,False,,,,False
chr12,19653281,ALU,AluYa5#SINE/Alu,+,0.384,False,,,,False
chr12,19693558,ALU,AluYb8#SINE/Alu,+,0.351,False,,,,False
chr12,19722744,ALU,AluYa5#SINE/Alu,-,0.383,False,,,,False
chr12,21933016,ALU,AluY_short_#SINE/Alu,+,0.361,False,,,,False
chr12,22011167,ALU,AluY_short_#SINE/Alu,-,0.397,False,,,,False
chr12,22984380,ALU,AluYb8#SINE/Alu,-,0.351,False,,,,False
chr12,24365686,ALU,AluY#SINE/Alu,-,0.311,False,,,,False
chr12,24920005,ALU,AluYa5#SINE/Alu,+,0.388,False,,,,False
chr12,25622913,LINE1,L1HS_5end#LINE/L1,-,0.404,False,,,,False
chr12,27711870,ALU,AluYa5#SINE/Alu,-,0.411,False,,,,False
chr12,28073487,LINE1,L1HS_5end#LINE/L1,-,0.334,True,L1MA8,+,2971.0,False
chr12,28285670,ALU,AluYb8#SINE/Alu,-,0.324,False,,,,False
chr12,29671000,ALU,AluYa5#SINE/Alu,+,0.436,False,,,,False
chr12,30441218,ALU,AluYa5#SINE/Alu,+,0.432,False,,,,False
chr12,32098868,ALU,AluSc#SINE/Alu,+,0.445,True,AluY,+,323.0,True
chr12,37816038,ALU,AluYa5#SINE/Alu,+,0.477,False,,,,False
chr12,37894230,LINE1,L1HS_3end#LINE/L1,-,0.404,True,L1PA4,+,6138.0,False
chr12,40279216,ALU,AluSq#SINE/Alu,-,0.289,False,,,,False
chr12,40438988,ALU,AluYa5#SINE/Alu,+,0.414,False,,,,False
chr12,41453914,ALU,AluYi6#SINE/Alu,+,0.378,False,,,,False
chr12,42731476,LINE1,L1HS_5end#LINE/L1,-,0.394,False,,,,False
chr12,43324132,ALU,AluYb8#SINE/Alu,-,0.344,False,,,,False
chr12,44173580,ALU,AluYb8#SINE/Alu,-,0.332,False,,,,False
chr12,45025767,ALU,AluYa5#SINE/Alu,+,0.424,False,,,,False
chr12,45781378,ALU,AluYh3#SINE/Alu,-,0.367,False,,,,False
chr12,50121646,SVA,SVA_E#Retroposon/SVA,-,0.485,False,,,,False
chr12,51498780,ALU,AluSc#SINE/Alu,+,0.404,True,AluSx1,+,301.0,True
chr12,53148261,ALU,AluYk3#SINE/Alu,-,0.434,True,AluSx3,-,133.0,True
chr12,53354600,ALU,AluYa5#SINE/Alu,-,0.509,True,AluSq2,+,307.0,False
chr12,57689486,ALU,AluYa5#SINE/Alu,+,0.382,False,,,,False
chr12,57965282,ALU,AluYg6#SINE/Alu,+,0.38,False,,,,False
chr12,58064432,ALU,AluYa5#SINE/Alu,-,0.324,False,,,,False
chr12,58825273,ALU,AluYb8#SINE/Alu,+,0.284,False,,,,False
chr12,59725006,ALU,AluSx#SINE/Alu,-,0.313,False,,,,False
chr12,60660040,ALU,AluYb8#SINE/Alu,+,0.308,False,,,,False
chr12,63175391,LINE1,L1HS_3end#LINE/L1,+,0.425,False,,,,False
chr12,65003519,ALU,AluYa5#SINE/Alu,-,0.424,False,,,,False
chr12,66403321,ALU,AluYb8#SINE/Alu,-,0.347,False,,,,False
chr12,66512574,ALU,AluYh9#SINE/Alu,+,0.31,False,,,,False
chr12,66826755,ALU,AluJo#SINE/Alu,-,0.355,False,,,,False
chr12,70395147,ALU,AluSq4#SINE/Alu,-,0.357,False,,,,False
chr12,70758430,ALU,AluYa5#SINE/Alu,-,0.409,False,,,,False
chr12,74926904,ALU,AluYb8#SINE/Alu,-,0.414,False,,,,False
chr12,75537314,ALU,AluYg6#SINE/Alu,-,0.385,False,,,,False
chr12,76117148,ALU,AluYa5#SINE/Alu,+,0.41,False,,,,False
chr12,78003161,ALU,AluYb8#SINE/Alu,-,0.339,False,,,,False
chr12,80086938,ALU,AluSx_short_#SINE/Alu,+,0.362,False,,,,False
chr12,80461964,LINE1,L1P1_5end#LINE/L1,+,0.432,True,L1PA3,+,6141.0,True
chr12,80921448,ALU,AluYa5#SINE/Alu,-,0.445,False,,,,False
chr12,83260481,LINE1,L1PA5_3end#LINE/L1,-,0.401,True,L1PA5,-,1015.0,True
chr12,84561430,LINE1,L1P1_orf2#LINE/L1,-,0.312,False,,,,False
chr12,84571362,LINE1,L1HS_3end#LINE/L1,+,0.384,False,,,,False
chr12,85112505,LINE1,L1HS_3end#LINE/L1,+,0.302,False,,,,False
chr12,87477042,ALU,AluSg4#SINE/Alu,-,0.333,False,,,,False
chr12,90167984,ALU,AluYb8#SINE/Alu,+,0.432,False,,,,False
chr12,91848762,ALU,AluYb8#SINE/Alu,-,0.275,False,,,,False
chr12,92937450,ALU,AluYb8#SINE/Alu,+,0.417,True,AluSz6,+,304.0,True
chr12,95355504,ALU,AluSg7#SINE/Alu,+,0.415,False,,,,False
chr12,95413400,ALU,AluYb8#SINE/Alu,+,0.417,True,AluSz,+,306.0,True
chr12,96311592,ALU,AluYa5#SINE/Alu,-,0.314,False,,,,False
chr12,97156988,ALU,AluYb8#SINE/Alu,-,0.366,False,,,,False
chr12,98492570,ALU,AluYb8#SINE/Alu,+,0.458,True,AluSg,+,305.0,True
chr12,101395347,ALU,AluYa5#SINE/Alu,-,0.323,False,,,,False
chr12,105044595,ALU,AluYa5#SINE/Alu,+,0.348,False,,,,False
chr12,105437120,ALU,AluY#SINE/Alu,+,0.383,False,,,,False
chr12,106272430,ALU,AluSg#SINE/Alu,+,0.433,True,AluSz6,+,55.0,True
chr12,106728303,ALU,AluYa5#SINE/Alu,-,0.379,False,,,,False
chr12,111332306,ALU,AluYm1#SINE/Alu,-,0.464,True,AluSx,-,304.0,True
chr12,115334008,ALU,AluYb8#SINE/Alu,+,0.459,False,,,,False
chr12,120467984,ALU,AluSp#SINE/Alu,+,0.437,True,AluSq,+,298.0,True
chr12,122237554,ALU,AluYb8#SINE/Alu,-,0.436,True,AluYb8,-,210.0,True
chr12,122902412,ALU,AluSx3#SINE/Alu,+,0.407,True,AluJb,+,291.0,True
chr12,123389136,LINE1,L1PA13_5end#LINE/L1,-,0.821,False,,,,False
chr12,123581932,SVA,SVA_A#Retroposon/SVA,-,0.5,False,,,,False
chr12,123872649,ALU,AluYa5#SINE/Alu,+,0.503,False,,,,False
chr12,123886708,ALU,AluYa5#SINE/Alu,-,0.54,False,,,,False
chr12,124999888,ALU,AluSx#SINE/Alu,-,0.426,True,AluY,-,325.0,True
chr12,127458773,ALU,AluYb8#SINE/Alu,-,0.428,False,,,,False
chr12,129970506,ALU,AluYa5#SINE/Alu,+,0.374,False,,,,False
chr13,21817784,ALU,AluYa5#SINE/Alu,-,0.588,False,,,,False
chr13,21982507,ALU,AluYb8#SINE/Alu,+,0.469,False,,,,False
chr13,22255485,ALU,AluYa5#SINE/Alu,-,0.377,True,AluSx1,-,265.0,True
chr13,24522931,ALU,AluYg6#SINE/Alu,+,0.416,True,AluY,+,310.0,True
chr13,26242122,ALU,AluYc#SINE/Alu,-,0.411,False,,,,False
chr13,29457438,ALU,AluYb8#SINE/Alu,+,0.395,False,,,,False
chr13,30391747,SVA,SVA_C#Retroposon/SVA,+,0.464,False,,,,False
chr13,31507265,ALU,AluYa5#SINE/Alu,-,0.353,False,,,,False
chr13,32829615,ALU,AluYb8#SINE/Alu,-,0.493,False,,,,False
chr13,34164824,ALU,AluYb8#SINE/Alu,+,0.414,False,,,,False
chr13,35751198,SVA,SVA_F#Retroposon/SVA,-,0.374,False,,,,False
chr13,36142672,ALU,AluYa5#SINE/Alu,+,0.413,True,AluY,+,306.0,True
chr13,36994610,ALU,AluYb8#SINE/Alu,+,0.368,False,,,,False
chr13,37866975,ALU,AluYb8#SINE/Alu,+,0.304,False,,,,False
chr13,41327742,ALU,AluYa5#SINE/Alu,+,0.34,False,,,,False
chr13,41997418,ALU,AluYb8#SINE/Alu,+,0.352,False,,,,False
chr13,42012622,ALU,AluYa5#SINE/Alu,-,0.401,False,,,,False
chr13,42365944,ALU,AluYb8#SINE/Alu,+,0.249,False,,,,False
chr13,45693938,ALU,AluYb8#SINE/Alu,+,0.457,False,,,,False
chr13,46521211,ALU,AluYa5#SINE/Alu,-,0.427,False,,,,False
chr13,48947584,LINE1,L1HS_3end#LINE/L1,+,0.435,False,,,,False
chr13,49425168,SVA,SVA_F#Retroposon/SVA,+,0.273,False,,,,False
chr13,50337946,ALU,AluYb8#SINE/Alu,-,0.359,False,,,,False
chr13,54032387,ALU,AluYa5#SINE/Alu,-,0.387,False,,,,False
chr13,54863944,ALU,AluYa5#SINE/Alu,+,0.318,False,,,,False
chr13,57014888,ALU,AluYi6#SINE/Alu,-,0.355,False,,,,False
chr13,57982402,LINE1,L1P1_orf2#LINE/L1,-,0.358,False,,,,False
chr13,58803544,ALU,AluYa5#SINE/Alu,-,0.344,False,,,,False
chr13,58822754,ALU,AluYg6#SINE/Alu,-,0.417,False,,,,False
chr13,60888206,LINE1,L1HS_5end#LINE/L1,-,0.342,False,,,,False
chr13,61213276,ALU,AluYa5#SINE/Alu,+,0.325,False,,,,False
chr13,63995714,LINE1,L1HS_3end#LINE/L1,+,0.303,False,,,,False
chr13,64390396,ALU,AluYa5#SINE/Alu,+,0.315,False,,,,False
chr13,67329331,ALU,AluYe5#SINE/Alu,-,0.361,False,,,,False
chr13,67393028,ALU,AluYb8#SINE/Alu,-,0.348,False,,,,False
chr13,68249660,ALU,AluYa5#SINE/Alu,-,0.324,True,AluJr4,-,128.0,True
chr13,69096626,ALU,AluYa5#SINE/Alu,-,0.321,False,,,,False
chr13,69690262,ALU,AluYb8#SINE/Alu,+,0.363,False,,,,False
chr13,78010532,ALU,AluYa5#SINE/Alu,-,0.311,False,,,,False
chr13,78077544,ALU,AluYa5#SINE/Alu,+,0.283,False,,,,False
chr13,78685656,LINE1,L1P1_orf2#LINE/L1,-,0.371,False,,,,False
chr13,78697458,ALU,AluYa5#SINE/Alu,+,0.359,False,,,,False
chr13,79200146,ALU,AluYa5#SINE/Alu,+,0.333,False,,,,False
chr13,80198200,ALU,AluYa5#SINE/Alu,+,0.403,False,,,,False
chr13,81236052,ALU,AluYb8#SINE/Alu,+,0.386,False,,,,False
chr13,81793570,SVA,SVA_F#Retroposon/SVA,-,0.33,False,,,,False
chr13,85691076,ALU,AluYa5#SINE/Alu,+,0.285,False,,,,False
chr13,86740700,ALU,AluYa5#SINE/Alu,-,0.24,False,,,,False
chr13,89749584,ALU,AluYb8#SINE/Alu,+,0.304,False,,,,False
chr13,89898314,ALU,AluYe5#SINE/Alu,+,0.378,False,,,,False
chr13,90295393,ALU,AluYb8#SINE/Alu,-,0.259,False,,,,False
chr13,91609025,ALU,AluYg6#SINE/Alu,+,0.384,False,,,,False
chr13,91861720,ALU,AluYa5#SINE/Alu,+,0.291,False,,,,False
chr13,92448890,ALU,AluYa5#SINE/Alu,+,0.331,False,,,,False
chr13,92538794,LINE1,L1PA8_3end#LINE/L1,+,0.338,True,L1PA7,-,402.0,False
chr13,93176161,ALU,AluYa5#SINE/Alu,-,0.349,False,,,,False
chr13,93453558,ALU,AluYb8#SINE/Alu,-,0.462,False,,,,False
chr13,93468469,ALU,AluYa5#SINE/Alu,-,0.322,False,,,,False
chr13,97859603,ALU,AluYi6#SINE/Alu,+,0.334,False,,,,False
chr13,99430366,ALU,AluY#SINE/Alu,-,0.412,False,,,,False
chr13,100146846,ALU,AluYb9#SINE/Alu,+,0.355,False,,,,False
chr13,100883714,ALU,AluYe5#SINE/Alu,-,0.398,False,,,,False
chr13,103643880,LINE1,L1HS_3end#LINE/L1,-,0.341,True,L1MA4A,-,2900.0,True
chr13,105062578,ALU,AluYb8#SINE/Alu,-,0.341,False,,,,False
chr13,106664840,ALU,AluYa5#SINE/Alu,-,0.322,False,,,,False
chr13,107822046,ALU,AluYa5#SINE/Alu,+,0.37,False,,,,False
chr13,109175802,ALU,AluYb9#SINE/Alu,-,0.399,False,,,,False
chr13,110424456,ALU,AluYa5#SINE/Alu,-,0.408,False,,,,False
chr13,112339477,ALU,AluYa5#SINE/Alu,+,0.424,False,,,,False
chr13,112866646,ALU,AluYa5#SINE/Alu,-,0.456,False,,,,False
chr14,20855024,ALU,AluYb8#SINE/Alu,+,0.395,False,,,,False
chr14,21573524,ALU,AluYb8#SINE/Alu,+,0.372,True,AluSz,+,292.0,True
chr14,22010096,ALU,AluYa5#SINE/Alu,+,0.402,False,,,,False
chr14,24325216,ALU,AluYb8#SINE/Alu,+,0.529,False,,,,False
chr14,25112552,ALU,AluYa5#SINE/Alu,-,0.338,False,,,,False
chr14,26571001,ALU,AluYa5#SINE/Alu,+,0.316,False,,,,False
chr14,28069182,ALU,AluYa5#SINE/Alu,+,0.293,False,,,,False
chr14,30425902,ALU,AluYa5#SINE/Alu,-,0.395,False,,,,False
chr14,30975097,ALU,AluYa5#SINE/Alu,+,0.392,False,,,,False
chr14,31748562,ALU,AluYb8#SINE/Alu,-,0.384,False,,,,False
chr14,32200020,ALU,AluYb9#SINE/Alu,+,0.295,False,,,,False
chr14,33586240,ALU,AluY#SINE/Alu,-,0.297,False,,,,False
chr14,33870413,ALU,AluYa5#SINE/Alu,+,0.415,False,,,,False
chr14,34966744,SVA,SVA_E#Retroposon/SVA,+,0.414,False,,,,False
chr14,35650948,ALU,AluSx_short_#SINE/Alu,-,0.312,False,,,,False
chr14,36173587,ALU,AluYa8#SINE/Alu,+,0.346,False,,,,False
chr14,37302281,LINE1,L1P1_orf2#LINE/L1,-,0.296,True,L1MC3,-,2125.0,True
chr14,39039326,ALU,AluYb9#SINE/Alu,-,0.315,False,,,,False
chr14,39843752,ALU,AluYa5#SINE/Alu,-,0.402,False,,,,False
chr14,40110474,ALU,AluYa5#SINE/Alu,+,0.325,False,,,,False
chr14,40123232,ALU,AluYe5#SINE/Alu,-,0.341,False,,,,False
chr14,40413690,ALU,AluYa5#SINE/Alu,-,0.34,False,,,,False
chr14,42657165,ALU,AluYa5#SINE/Alu,+,0.336,False,,,,False
chr14,43804424,ALU,AluYa5#SINE/Alu,+,0.403,False,,,,False
chr14,47366892,ALU,AluYb8#SINE/Alu,-,0.301,False,,,,False
chr14,49761130,LINE1,L1PA7_3end#LINE/L1,-,0.408,True,L1PA7,-,585.0,True
chr14,52201044,LINE1,L1HS_5end#LINE/L1,-,0.349,False,,,,False
chr14,52813678,ALU,AluYa5#SINE/Alu,-,0.404,False,,,,False
chr14,53311398,ALU,AluYa5#SINE/Alu,+,0.342,False,,,,False
chr14,53333453,ALU,AluYg6#SINE/Alu,-,0.389,False,,,,False
chr14,54635578,ALU,AluYe5#SINE/Alu,-,0.441,True,AluSx,+,298.0,False
chr14,55329144,ALU,AluY#SINE/Alu,-,0.372,False,,,,False
chr14,57041280,ALU,AluYa5#SINE/Alu,+,0.386,False,,,,False
chr14,57277724,ALU,AluYa5#SINE/Alu,+,0.318,False,,,,False
chr14,57556068,ALU,AluYb8#SINE/Alu,-,0.327,False,,,,False
chr14,60274674,ALU,AluYi6#SINE/Alu,+,0.34,False,,,,False
chr14,63620898,ALU,AluYa5#SINE/Alu,+,0.417,True,AluSz,+,312.0,True
chr14,64548322,ALU,AluYb8#SINE/Alu,-,0.377,False,,,,False
chr14,66467736,ALU,AluYa5#SINE/Alu,+,0.294,False,,,,False
chr14,66616292,LINE1,L1P3_orf2#LINE/L1,-,0.429,True,L1PA8A,-,1682.0,True
chr14,66703614,LINE1,L1P3_orf2#LINE/L1,-,0.385,True,L1PA8A,+,6424.0,False
chr14,66953156,LINE1,L1HS_5end#LINE/L1,-,0.39,True,L1MB5,-,758.0,True
chr14,67396885,ALU,AluYf1#SINE/Alu,+,0.482,False,,,,False
chr14,67982738,ALU,AluYa5#SINE/Alu,-,0.349,False,,,,False
chr14,68641568,ALU,AluY_short_#SINE/Alu,+,0.352,False,,,,False
chr14,72124036,ALU,AluYa5#SINE/Alu,+,0.366,False,,,,False
chr14,73332742,ALU,AluSp#SINE/Alu,-,0.417,False,,,,False
chr14,73353592,ALU,AluSx_short_#SINE/Alu,+,0.394,True,AluSx,+,170.0,True
chr14,74259424,ALU,AluYa5#SINE/Alu,+,0.582,False,,,,False
chr14,74372513,LINE1,L1MC_orf2#LINE/L1,+,0.464,False,,,,False
chr14,74461952,ALU,AluJr4#SINE/Alu,+,0.471,True,AluSz6,+,308.0,True
chr14,74475448,ALU,AluY_short_#SINE/Alu,-,0.421,False,,,,False
chr14,75032871,ALU,AluYa5#SINE/Alu,-,0.395,False,,,,False
chr14,76714730,SVA,SVA_F#Retroposon/SVA,+,0.482,False,,,,False
chr14,81301397,ALU,AluYa5#SINE/Alu,+,0.345,False,,,,False
chr14,81320434,SVA,SVA_E#Retroposon/SVA,+,0.433,False,,,,False
chr14,81757119,ALU,AluYb8#SINE/Alu,+,0.378,False,,,,False
chr14,83195949,ALU,AluYb8#SINE/Alu,-,0.357,False,,,,False
chr14,83991169,ALU,AluYb8#SINE/Alu,+,0.39,False,,,,False
chr14,84214186,ALU,AluYa5#SINE/Alu,+,0.381,False,,,,False
chr14,85915459,LINE1,L1HS_5end#LINE/L1,-,0.358,True,L1MC1,-,1074.0,True
chr14,86164352,ALU,AluSz6#SINE/Alu,+,0.343,False,,,,False
chr14,86486176,LINE1,L1HS_5end#LINE/L1,-,0.343,False,,,,False
chr14,87352862,ALU,AluYa5#SINE/Alu,-,0.363,False,,,,False
chr14,93364588,ALU,AluYk4#SINE/Alu,+,0.385,False,,,,False
chr14,94558276,ALU,AluYa5#SINE/Alu,-,0.471,False,,,,False
chr15,24668458,ALU,AluYb8#SINE/Alu,+,0.328,False,,,,False
chr15,26627371,ALU,AluY_short_#SINE/Alu,-,0.392,False,,,,False
chr15,27390016,ALU,AluY_short_#SINE/Alu,+,0.326,False,,,,False
chr15,27520640,ALU,AluYb8#SINE/Alu,-,0.346,False,,,,False
chr15,30856143,ALU,AluYb8#SINE/Alu,-,0.435,False,,,,False
chr15,33336440,LINE1,L1M1_5end#LINE/L1,+,0.465,False,,,,False
chr15,33820898,ALU,BC200#SINE/Alu,+,0.444,False,,,,False
chr15,35804116,ALU,AluYa5#SINE/Alu,-,0.292,False,,,,False
chr15,36380486,ALU,AluYa5#SINE/Alu,-,0.292,False,,,,False
chr15,40808128,ALU,AluYg6#SINE/Alu,-,0.552,False,,,,False
chr15,41955242,ALU,AluYa5#SINE/Alu,-,0.456,False,,,,False
chr15,44209812,ALU,AluYb9#SINE/Alu,-,0.397,False,,,,False
chr15,45027097,LINE1,L1P1_orf2#LINE/L1,+,0.428,False,,,,False
chr15,45277720,ALU,AluYa5#SINE/Alu,-,0.387,False,,,,False
chr15,45752888,ALU,AluYb8#SINE/Alu,-,0.401,False,,,,False
chr15,47215138,LINE1,L1HS_5end#LINE/L1,-,0.314,False,,,,False
chr15,47664413,SVA,SVA_F#Retroposon/SVA,+,0.389,False,,,,False
chr15,53508250,ALU,AluSq2#SINE/Alu,-,0.358,True,AluSx,-,136.0,True
chr15,53663910,LINE1,L1P1_orf2#LINE/L1,-,0.37,False,,,,False
chr15,53896017,ALU,AluY#SINE/Alu,-,0.307,False,,,,False
chr15,54654316,SVA,SVA_D#Retroposon/SVA,+,0.355,False,,,,False
chr15,55379114,ALU,AluYe5#SINE/Alu,+,0.442,False,,,,False
chr15,56012522,ALU,AluYa5#SINE/Alu,+,0.429,False,,,,False
chr15,58610007,LINE1,L1P1_orf2#LINE/L1,+,0.345,False,,,,False
chr15,67002516,ALU,AluYa5#SINE/Alu,-,0.417,False,,,,False
chr15,67208160,ALU,AluYk12#SINE/Alu,+,0.379,False,,,,False
chr15,67320369,ALU,AluYe5#SINE/Alu,-,0.337,False,,,,False
chr15,68395672,LINE1,L1P2_5end#LINE/L1,+,0.381,True,L1PA6,+,212.0,True
chr15,70454968,ALU,AluYb8#SINE/Alu,+,0.406,False,,,,False
chr15,70547234,SVA,SVA_F#Retroposon/SVA,-,0.425,False,,,,False
chr15,70861410,ALU,AluY#SINE/Alu,-,0.415,False,,,,False
chr15,72347204,ALU,AluYa5#SINE/Alu,-,0.513,False,,,,False
chr15,74216613,ALU,AluSp#SINE/Alu,+,0.46,True,AluSq2,-,87.0,False
chr15,74910720,ALU,AluYa5#SINE/Alu,+,0.465,False,,,,False
chr15,79503537,ALU,AluYa5#SINE/Alu,-,0.395,False,,,,False
chr15,80872468,ALU,AluSg4#SINE/Alu,-,0.473,False,,,,False
chr15,85077906,ALU,AluYa5#SINE/Alu,+,0.381,False,,,,False
chr15,85681726,ALU,AluYk4#SINE/Alu,-,0.344,False,,,,False
chr15,88086508,ALU,AluYb9#SINE/Alu,-,0.428,False,,,,False
chr15,90655582,ALU,AluSz6#SINE/Alu,+,0.495,True,AluSx1,+,295.0,True
chr15,91048715,ALU,AluSq2#SINE/Alu,+,0.45,True,AluJb,+,314.0,True
chr15,91764607,ALU,AluYa5#SINE/Alu,-,0.404,False,,,,False
chr15,92029819,ALU,AluY_short_#SINE/Alu,-,0.42,False,,,,False
chr15,93623922,ALU,AluYa5#SINE/Alu,+,0.32,False,,,,False
chr15,94276668,ALU,AluYa5#SINE/Alu,+,0.27,False,,,,False
chr15,95584544,ALU,AluYa5#SINE/Alu,+,0.352,False,,,,False
chr15,97042707,ALU,AluYb8#SINE/Alu,-,0.305,False,,,,False
chr15,97226996,ALU,AluYa5#SINE/Alu,+,0.283,False,,,,False
chr15,100270780,ALU,AluYk11#SINE/Alu,-,0.381,False,,,,False
chr15,100272604,ALU,AluYa5#SINE/Alu,+,0.32,False,,,,False
chr15,100358774,ALU,AluYa5#SINE/Alu,+,0.337,False,,,,False
chr15,100390948,LINE1,L1P1_orf2#LINE/L1,+,0.302,True,L1MC4,+,1553.0,True
chr15,101029471,ALU,AluYa5#SINE/Alu,+,0.518,False,,,,False
chr16,182606,ALU,AluSc5#SINE/Alu,+,0.539,False,,,,False
chr16,238981,ALU,AluSx1#SINE/Alu,+,0.518,True,AluSc8,+,295.0,True
chr16,433148,ALU,AluY_short_#SINE/Alu,-,0.485,True,AluSg,-,300.0,True
chr16,1484882,ALU,AluYb8#SINE/Alu,+,0.512,True,AluSx,+,304.0,True
chr16,2362374,ALU,AluYb8#SINE/Alu,-,0.393,False,,,,False
chr16,3039314,ALU,AluYa5#SINE/Alu,+,0.546,True,AluSx,-,287.0,False
chr16,4047479,ALU,AluYb8#SINE/Alu,+,0.408,False,,,,False
chr16,5358319,ALU,AluYa5#SINE/Alu,-,0.421,False,,,,False
chr16,7176232,ALU,AluYa5#SINE/Alu,-,0.377,False,,,,False
chr16,7491387,ALU,AluYd8#SINE/Alu,+,0.419,False,,,,False
chr16,8368186,ALU,AluYa5#SINE/Alu,+,0.401,False,,,,False
chr16,8485500,ALU,AluYb8#SINE/Alu,+,0.429,False,,,,False
chr16,9140606,ALU,AluSx3#SINE/Alu,-,0.428,True,AluSx3,-,231.0,True
chr16,17320816,ALU,AluYa5#SINE/Alu,-,0.466,False,,,,False
chr16,21220247,ALU,AluSc#SINE/Alu,-,0.395,True,AluSz,-,294.0,True
chr16,21227740,ALU,AluYe5#SINE/Alu,-,0.38,False,,,,False
chr16,24601085,ALU,AluYb9#SINE/Alu,+,0.372,False,,,,False
chr16,25903799,ALU,AluYa5#SINE/Alu,-,0.377,False,,,,False
chr16,27414606,LINE1,L1HS_5end#LINE/L1,-,0.299,True,L1MEg,-,225.0,True
chr16,27988318,ALU,AluYa5#SINE/Alu,-,0.313,False,,,,False
chr16,28915172,ALU,FAM#SINE/Alu,-,0.506,True,AluSz6,-,275.0,True
chr16,30752222,ALU,AluSc#SINE/Alu,+,0.506,True,AluSx1,+,290.0,True
chr16,49300358,ALU,AluY_short_#SINE/Alu,+,0.48,False,,,,False
chr16,49379466,ALU,AluYa5#SINE/Alu,+,0.407,False,,,,False
chr16,53841064,ALU,AluYb8#SINE/Alu,+,0.393,False,,,,False
chr16,55202640,ALU,AluYb8#SINE/Alu,+,0.384,False,,,,False
chr16,60007251,ALU,AluYa5#SINE/Alu,+,0.362,False,,,,False
chr16,65448293,ALU,AluYe5#SINE/Alu,-,0.404,False,,,,False
chr16,69157898,ALU,AluYa5#SINE/Alu,-,0.42,False,,,,False
chr16,71291350,ALU,AluSz#SINE/Alu,+,0.376,False,,,,False
chr16,72606506,ALU,AluYa5#SINE/Alu,+,0.383,True,AluY,+,305.0,True
chr16,74811116,SVA,SVA_E#Retroposon/SVA,+,0.376,False,,,,False
chr16,75469418,SVA,SVA_D#Retroposon/SVA,+,0.492,False,,,,False
chr16,78658934,ALU,AluYb9#SINE/Alu,+,0.49,True,AluSz,+,312.0,True
chr16,79354982,ALU,AluYa5#SINE/Alu,+,0.438,False,,,,False
chr16,80963386,ALU,AluY_short_#SINE/Alu,+,0.426,False,,,,False
chr16,82131078,ALU,AluY_short_#SINE/Alu,+,0.315,False,,,,False
chr16,83099632,ALU,AluYb8#SINE/Alu,-,0.408,False,,,,False
chr16,84226693,ALU,AluYb8#SINE/Alu,+,0.472,True,AluSx,+,302.0,True
chr16,85075094,ALU,AluY_short_#SINE/Alu,-,0.422,False,,,,False
chr16,89215284,ALU,AluYh3#SINE/Alu,+,0.381,False,,,,False
chr16,89843720,ALU,AluSc5#SINE/Alu,-,0.504,True,AluJb,-,333.0,True
chr17,1212124,ALU,AluYb8#SINE/Alu,+,0.502,False,,,,False
chr17,1219644,ALU,AluSc#SINE/Alu,+,0.489,True,AluSx,+,181.0,True
chr17,3899254,ALU,AluSc8#SINE/Alu,+,0.545,True,FRAM,-,163.0,False
chr17,6007818,ALU,AluY#SINE/Alu,+,0.457,False,,,,False
chr17,6368104,ALU,AluYb8#SINE/Alu,+,0.314,False,,,,False
chr17,6635344,ALU,AluYa5#SINE/Alu,+,0.394,False,,,,False
chr17,12892394,ALU,AluYb9#SINE/Alu,+,0.384,False,,,,False
chr17,14624330,ALU,AluYa5#SINE/Alu,+,0.388,False,,,,False
chr17,15514268,ALU,AluYa5#SINE/Alu,+,0.408,False,,,,False
chr17,16330509,ALU,AluYe5#SINE/Alu,+,0.491,True,AluSz,+,299.0,True
chr17,16359796,SVA,SVA_F#Retroposon/SVA,-,0.487,False,,,,False
chr17,18372229,ALU,AluY#SINE/Alu,+,0.419,True,AluSx,+,301.0,True
chr17,30070951,LINE1,L1P1_orf2#LINE/L1,+,0.386,False,,,,False
chr17,30588189,ALU,AluY_short_#SINE/Alu,-,0.362,False,,,,False
chr17,30792906,ALU,AluYa5#SINE/Alu,+,0.396,True,AluJo,+,269.0,True
chr17,32318460,ALU,AluSc5#SINE/Alu,+,0.488,True,AluSx,+,108.0,True
chr17,32566838,ALU,AluYg6#SINE/Alu,-,0.474,False,,,,False
chr17,35945153,LINE1,L1P1_orf2#LINE/L1,+,0.442,False,,,,False
chr17,37561920,ALU,AluYb8#SINE/Alu,+,0.324,False,,,,False
chr17,37665904,ALU,AluYa5#SINE/Alu,+,0.42,False,,,,False
chr17,37712444,ALU,AluJb_short_#SINE/Alu,+,0.454,False,,,,False
chr17,39949218,ALU,AluYe5#SINE/Alu,+,0.462,False,,,,False
chr17,40509564,ALU,AluJr4#SINE/Alu,-,0.49,True,AluY,-,307.0,True
chr17,42106651,ALU,AluYa8#SINE/Alu,+,0.517,True,AluSx,+,310.0,True
chr17,47131884,ALU,AluJr4#SINE/Alu,-,0.396,True,AluJr4,-,303.0,True
chr17,47325018,ALU,AluYa5#SINE/Alu,-,0.476,False,,,,False
chr17,49125777,SVA,SVA_D#Retroposon/SVA,+,0.616,True,SVA_D,+,959.0,True
chr17,52321136,ALU,AluYa5#SINE/Alu,-,0.306,False,,,,False
chr17,52953846,ALU,AluYa5#SINE/Alu,-,0.369,False,,,,False
chr17,56997859,ALU,AluYa5#SINE/Alu,+,0.444,False,,,,False
chr17,57703064,ALU,AluYa5#SINE/Alu,-,0.488,False,,,,False
chr17,57848860,ALU,AluYb8#SINE/Alu,+,0.494,False,,,,False
chr17,57915240,ALU,AluYa5#SINE/Alu,+,0.466,False,,,,False
chr17,59551582,ALU,AluY_short_#SINE/Alu,-,0.443,True,AluY,+,224.0,False
chr17,60365578,ALU,AluY#SINE/Alu,+,0.374,False,,,,False
chr17,60862871,ALU,AluYa5#SINE/Alu,-,0.32,False,,,,False
chr17,60915616,ALU,AluYb8#SINE/Alu,-,0.4,False,,,,False
chr17,62299412,ALU,AluYb8#SINE/Alu,-,0.341,False,,,,False
chr17,62356679,ALU,AluYb8#SINE/Alu,-,0.395,False,,,,False
chr17,64566136,ALU,AluYe5#SINE/Alu,+,0.304,False,,,,False
chr17,69879215,ALU,AluYm1#SINE/Alu,-,0.322,False,,,,False
chr17,70210529,ALU,AluYa5#SINE/Alu,+,0.347,False,,,,False
chr17,72860030,ALU,AluSc5#SINE/Alu,+,0.495,False,,,,False
chr17,74624073,ALU,AluYg6#SINE/Alu,+,0.431,False,,,,False
chr17,76323189,SVA,SVA_D#Retroposon/SVA,+,0.481,False,,,,False
chr17,78351262,ALU,AluSg7#SINE/Alu,-,0.511,False,,,,False
chr17,80082248,ALU,AluSq#SINE/Alu,+,0.594,False,,,,False
chr17,81146954,ALU,AluYb8#SINE/Alu,+,0.474,False,,,,False
chr17,82631566,ALU,AluYa5#SINE/Alu,-,0.469,True,AluSx,-,307.0,True
chr18,1235783,ALU,AluSc8#SINE/Alu,+,0.285,False,,,,False
chr18,1290926,ALU,AluYa5#SINE/Alu,-,0.334,False,,,,False
chr18,2086569,ALU,AluYa5#SINE/Alu,-,0.318,False,,,,False
chr18,6850860,ALU,AluYb8#SINE/Alu,-,0.388,False,,,,False
chr18,8457713,SVA,SVA_F#Retroposon/SVA,+,0.387,False,,,,False
chr18,9287076,ALU,AluYb8#SINE/Alu,-,0.357,False,,,,False
chr18,9401414,ALU,AluYa5#SINE/Alu,-,0.296,False,,,,False
chr18,11874524,ALU,AluSc#SINE/Alu,+,0.547,True,AluSx3,+,169.0,True
chr18,12491258,LINE1,L1HS_5end#LINE/L1,+,0.361,True,L1M3,+,1183.0,True
chr18,22110408,ALU,AluYb8#SINE/Alu,+,0.516,True,AluSz6,+,261.0,True
chr18,24521946,ALU,AluYa5#SINE/Alu,+,0.327,False,,,,False
chr18,26046282,ALU,AluYa5#SINE/Alu,+,0.379,False,,,,False
chr18,26214248,ALU,AluYa5#SINE/Alu,+,0.407,False,,,,False
chr18,26688610,ALU,AluJo#SINE/Alu,-,0.443,False,,,,False
chr18,26754519,ALU,AluYb8#SINE/Alu,-,0.414,False,,,,False
chr18,28271223,ALU,AluYb8#SINE/Alu,-,0.306,False,,,,False
chr18,28291860,ALU,AluYa5#SINE/Alu,+,0.315,False,,,,False
chr18,28407979,ALU,AluYa5#SINE/Alu,-,0.396,False,,,,False
chr18,29576398,ALU,AluYb8#SINE/Alu,-,0.393,False,,,,False
chr18,29602131,ALU,AluYa5#SINE/Alu,+,0.354,False,,,,False
chr18,31152947,LINE1,L1HS_3end#LINE/L1,-,0.313,False,,,,False
chr18,31486080,ALU,AluYg6#SINE/Alu,-,0.375,False,,,,False
chr18,32832684,ALU,AluY#SINE/Alu,-,0.426,True,AluY,-,304.0,True
chr18,38932576,ALU,AluYa5#SINE/Alu,+,0.348,False,,,,False
chr18,40768198,ALU,AluSx_short_#SINE/Alu,+,0.342,False,,,,False
chr18,40970919,ALU,AluYa5#SINE/Alu,-,0.322,False,,,,False
chr18,47398362,ALU,AluYa5#SINE/Alu,-,0.465,False,,,,False
chr18,49388614,ALU,AluYb8#SINE/Alu,+,0.341,False,,,,False
chr18,52704098,ALU,AluYb8#SINE/Alu,+,0.32,False,,,,False
chr18,52925894,ALU,AluYa5#SINE/Alu,+,0.294,False,,,,False
chr18,57038956,ALU,AluYb8#SINE/Alu,+,0.503,False,,,,False
chr18,58282130,ALU,AluYa5#SINE/Alu,+,0.407,False,,,,False
chr18,58640140,ALU,AluYa5#SINE/Alu,-,0.38,False,,,,False
chr18,59152239,ALU,AluYa5#SINE/Alu,-,0.41,False,,,,False
chr18,59410561,ALU,AluYb8#SINE/Alu,-,0.361,False,,,,False
chr18,60588434,LINE1,L1HS_3end#LINE/L1,+,0.378,False,,,,False
chr18,61107756,ALU,AluYb8#SINE/Alu,+,0.286,False,,,,False
chr18,62677889,ALU,AluYb8#SINE/Alu,-,0.387,False,,,,False
chr18,63018874,ALU,AluYa5#SINE/Alu,+,0.385,False,,,,False
chr18,64506555,ALU,AluYh7#SINE/Alu,-,0.313,False,,,,False
chr18,65820042,ALU,AluY#SINE/Alu,+,0.347,False,,,,False
chr18,67201139,ALU,AluYb8#SINE/Alu,-,0.505,False,,,,False
chr18,67471626,ALU,AluYa5#SINE/Alu,-,0.308,False,,,,False
chr18,67583754,ALU,AluYa5#SINE/Alu,-,0.366,False,,,,False
chr18,68731932,ALU,AluSz#SINE/Alu,+,0.338,False,,,,False
chr18,68905260,ALU,AluYb8#SINE/Alu,-,0.283,False,,,,False
chr18,76241977,ALU,AluYi6#SINE/Alu,-,0.338,False,,,,False
chr18,76926740,ALU,AluYg6#SINE/Alu,-,0.379,False,,,,False
chr18,77130406,ALU,AluYa5#SINE/Alu,+,0.448,False,,,,False
chr18,78434278,ALU,AluJo#SINE/Alu,+,0.397,False,,,,False
chr19,1517860,ALU,AluYa5#SINE/Alu,-,0.437,True,AluY,-,308.0,True
chr19,2037243,ALU,AluSx4#SINE/Alu,-,0.51,True,AluSz,-,277.0,True
chr19,2383648,ALU,AluY_short_#SINE/Alu,-,0.499,True,AluJr,+,200.0,False
chr19,2480981,ALU,AluYg6#SINE/Alu,+,0.496,True,AluSx,+,308.0,True
chr19,3908904,ALU,AluY#SINE/Alu,+,0.587,False,,,,False
chr19,3989878,ALU,AluSp#SINE/Alu,+,0.506,True,AluSx3,+,309.0,True
chr19,6923847,ALU,AluYb8#SINE/Alu,-,0.442,False,,,,False
chr19,8172113,ALU,AluYa5#SINE/Alu,-,0.494,True,AluSg,-,288.0,True
chr19,8621713,ALU,AluSc5#SINE/Alu,-,0.518,True,FLAM_C,-,127.0,True
chr19,10715014,ALU,AluSz#SINE/Alu,+,0.489,True,AluSx,+,175.0,True
chr19,12717156,ALU,AluYb8#SINE/Alu,-,0.508,False,,,,False
chr19,14934358,ALU,AluYa5#SINE/Alu,-,0.382,False,,,,False
chr19,15817134,ALU,AluYa5#SINE/Alu,+,0.393,False,,,,False
chr19,18116449,ALU,AluSx#SINE/Alu,+,0.5,True,AluSq2,-,314.0,False
chr19,18284552,ALU,AluSp#SINE/Alu,+,0.52,False,,,,False
chr19,18689484,ALU,AluSq10#SINE/Alu,-,0.467,True,Alu,+,82.0,False
chr19,20145149,ALU,AluY#SINE/Alu,-,0.438,True,AluY,-,310.0,True
chr19,20801903,ALU,AluSc8#SINE/Alu,+,0.391,True,AluJb,-,254.0,False
chr19,21290592,ALU,AluYa5#SINE/Alu,+,0.402,True,AluY,+,298.0,True
chr19,21564723,ALU,AluSg4#SINE/Alu,-,0.426,False,,,,False
chr19,23466444,LINE1,L1MEc_5end#LINE/L1,-,0.485,False,,,,False
chr19,23734257,ALU,AluYb8#SINE/Alu,-,0.469,False,,,,False
chr19,23768606,ALU,AluYa5#SINE/Alu,+,0.379,True,AluSx,-,309.0,False
chr19,23828491,SVA,SVA_E#Retroposon/SVA,+,0.312,False,,,,False
chr19,23845126,SVA,SVA_E#Retroposon/SVA,-,0.314,False,,,,False
chr19,31199772,ALU,AluYb8#SINE/Alu,+,0.369,False,,,,False
chr19,34582643,ALU,AluYk3#SINE/Alu,+,0.378,False,,,,False
chr19,35689238,ALU,AluY#SINE/Alu,-,0.484,True,AluSx1,-,310.0,True
chr19,37540550,ALU,AluYa5#SINE/Alu,-,0.332,False,,,,False
chr19,38546760,ALU,AluJb_short_#SINE/Alu,+,0.534,True,AluJb,+,305.0,True
chr19,38554334,ALU,AluSz#SINE/Alu,+,0.42,True,AluSx,+,265.0,True
chr19,43873786,SVA,SVA_F#Retroposon/SVA,-,0.341,False,,,,False
chr19,45010322,ALU,AluYa8#SINE/Alu,+,0.522,True,AluJr,+,314.0,True
chr19,45016856,ALU,AluYb8#SINE/Alu,+,0.466,False,,,,False
chr19,48521576,ALU,AluYb8#SINE/Alu,-,0.461,False,,,,False
chr19,48824230,SVA,SVA_A#Retroposon/SVA,+,0.522,False,,,,False
chr19,50584279,ALU,AluYa5#SINE/Alu,-,0.426,True,AluSx,-,311.0,True
chr19,50585462,ALU,AluJb_short_#SINE/Alu,+,0.508,False,,,,False
chr19,51636060,ALU,AluYa5#SINE/Alu,-,0.473,True,AluSc,-,307.0,True
chr19,51853974,ALU,AluYe5#SINE/Alu,+,0.396,False,,,,False
chr19,53287456,ALU,AluY#SINE/Alu,-,0.434,True,AluY,-,315.0,True
chr19,56454684,ALU,AluYa5#SINE/Alu,+,0.343,False,,,,False
chr19,56909114,ALU,AluYa5#SINE/Alu,-,0.454,True,AluSc,-,317.0,True
chr19,56914154,ALU,AluYh7#SINE/Alu,+,0.436,False,,,,False
chr19,57042540,SVA,SVA_F#Retroposon/SVA,-,0.425,False,,,,False
chr19,57327452,ALU,AluSp#SINE/Alu,-,0.473,True,AluSx,-,301.0,True
chr19,57784672,ALU,AluYb8#SINE/Alu,-,0.442,True,AluSx,+,297.0,False
chr20,1565575,ALU,AluYa5#SINE/Alu,+,0.547,False,,,,False
chr20,2455817,ALU,AluYa5#SINE/Alu,+,0.396,True,FLAM_A,+,54.0,True
chr20,2456742,SVA,SVA_E#Retroposon/SVA,-,0.402,False,,,,False
chr20,3261767,ALU,AluYa5#SINE/Alu,+,0.456,False,,,,False
chr20,3837970,ALU,AluYb8#SINE/Alu,-,0.463,False,,,,False
chr20,3981280,ALU,AluYa5#SINE/Alu,-,0.397,False,,,,False
chr20,4065828,ALU,AluYb9#SINE/Alu,-,0.402,False,,,,False
chr20,5040482,ALU,AluYb8#SINE/Alu,+,0.427,True,FLAM_C,+,134.0,True
chr20,5074592,ALU,AluYa5#SINE/Alu,+,0.403,False,,,,False
chr20,8462830,ALU,AluYa5#SINE/Alu,-,0.372,False,,,,False
chr20,9497284,LINE1,L1HS_5end#LINE/L1,-,0.421,False,,,,False
chr20,9591629,ALU,AluYa5#SINE/Alu,+,0.333,False,,,,False
chr20,13723506,ALU,AluYf1#SINE/Alu,-,0.341,False,,,,False
chr20,13951608,ALU,AluYk3#SINE/Alu,-,0.427,True,AluSc8,+,274.0,False
chr20,15107020,ALU,AluYb8#SINE/Alu,-,0.337,False,,,,False
chr20,16112671,ALU,AluYa5#SINE/Alu,-,0.451,False,,,,False
chr20,16850154,ALU,AluYa5#SINE/Alu,+,0.298,False,,,,False
chr20,16894392,ALU,AluYa5#SINE/Alu,+,0.415,True,AluSz,+,304.0,True
chr20,17880288,LINE1,L1HS_5end#LINE/L1,+,0.512,False,,,,False
chr20,22870975,LINE1,L1P1_orf2#LINE/L1,-,0.375,True,L1PA4,-,4237.0,True
chr20,34205647,ALU,AluYb8#SINE/Alu,-,0.492,False,,,,False
chr20,34885967,ALU,AluYe5#SINE/Alu,-,0.338,False,,,,False
chr20,38386715,SVA,SVA_E#Retroposon/SVA,+,0.419,False,,,,False
chr20,39582032,ALU,AluYb8#SINE/Alu,+,0.355,False,,,,False
chr20,45042888,ALU,AluYb9#SINE/Alu,-,0.392,False,,,,False
chr20,51953828,ALU,AluYa5#SINE/Alu,+,0.462,False,,,,False
chr20,54108692,ALU,AluYa5#SINE/Alu,-,0.317,False,,,,False
chr20,54943727,ALU,AluYk3#SINE/Alu,-,0.278,False,,,,False
chr20,55041358,ALU,AluYb8#SINE/Alu,+,0.465,False,,,,False
chr20,55145306,ALU,AluYa5#SINE/Alu,+,0.335,False,,,,False
chr20,61402406,ALU,AluYa5#SINE/Alu,-,0.435,True,AluSx,-,299.0,True
chr21,15133853,ALU,AluYa5#SINE/Alu,+,0.397,False,,,,False
chr21,15762136,LINE1,L1PA2_3end#LINE/L1,+,0.396,False,,,,False
chr21,17507648,ALU,AluY#SINE/Alu,-,0.4,False,,,,False
chr21,18144988,LINE1,L1P1_orf2#LINE/L1,-,0.381,False,,,,False
chr21,19116242,ALU,AluSx4#SINE/Alu,-,0.302,False,,,,False
chr21,19884338,ALU,AluYb8#SINE/Alu,+,0.339,False,,,,False
chr21,20241056,ALU,AluYe6#SINE/Alu,-,0.373,False,,,,False
chr21,21774097,ALU,AluYe5#SINE/Alu,+,0.326,False,,,,False
chr21,21870758,ALU,AluYb8#SINE/Alu,-,0.307,False,,,,False
chr21,22253878,LINE1,L1HS_5end#LINE/L1,-,0.356,False,,,,False
chr21,24742294,ALU,AluYb8#SINE/Alu,-,0.412,False,,,,False
chr21,24913786,ALU,AluYa5#SINE/Alu,+,0.346,False,,,,False
chr21,24981918,ALU,AluYb8#SINE/Alu,-,0.346,False,,,,False
chr21,25125113,ALU,AluYa5#SINE/Alu,+,0.312,False,,,,False
chr21,25880080,ALU,AluY#SINE/Alu,-,0.423,True,AluYj4,+,92.0,False
chr21,26876922,ALU,AluYb8#SINE/Alu,+,0.362,False,,,,False
chr21,29010500,ALU,AluSz6#SINE/Alu,+,0.469,True,AluSq2,+,315.0,True
chr21,29386208,ALU,AluYa5#SINE/Alu,-,0.422,False,,,,False
chr21,29762676,ALU,AluYa5#SINE/Alu,+,0.381,False,,,,False
chr21,30144526,ALU,AluYa5#SINE/Alu,-,0.442,False,,,,False
chr21,34011416,ALU,AluYa5#SINE/Alu,-,0.426,True,AluSx1,-,290.0,True
chr21,36285432,ALU,AluYa5#SINE/Alu,-,0.473,False,,,,False
chr21,37685526,ALU,AluYa5#SINE/Alu,+,0.395,True,AluY,+,309.0,True
chr21,39203959,ALU,AluSc5#SINE/Alu,+,0.433,True,AluSq,+,302.0,True
chr21,39367722,ALU,AluYb8#SINE/Alu,+,0.431,False,,,,False
chr21,44468506,ALU,AluSz#SINE/Alu,-,0.442,True,AluSx,-,145.0,True
chr21,45008506,ALU,AluY#SINE/Alu,-,0.479,False,,,,False
chr22,17567662,ALU,AluYb8#SINE/Alu,-,0.4,False,,,,False
chr22,17577694,ALU,AluSc5#SINE/Alu,-,0.499,True,AluSg,-,249.0,True
chr22,17653864,SVA,SVA_F#Retroposon/SVA,+,0.408,False,,,,False
chr22,19919244,ALU,AluSp#SINE/Alu,-,0.541,True,FRAM,-,168.0,True
chr22,20075438,ALU,AluYk12#SINE/Alu,-,0.435,False,,,,False
chr22,22131981,LINE1,L1HS_5end#LINE/L1,-,0.391,False,,,,False
chr22,23928268,ALU,AluYb8#SINE/Alu,+,0.445,False,,,,False
chr22,26557759,ALU,AluSx4#SINE/Alu,+,0.493,False,,,,False
chr22,27154836,ALU,AluYb8#SINE/Alu,+,0.45,False,,,,False
chr22,28042280,ALU,AluY_short_#SINE/Alu,-,0.395,False,,,,False
chr22,28059921,LINE1,L1HS_5end#LINE/L1,-,0.323,True,L1ME2z,-,1523.0,True
chr22,31355872,ALU,AluSx3#SINE/Alu,+,0.464,True,AluJb,-,297.0,False
chr22,35673763,ALU,AluYa5#SINE/Alu,+,0.459,False,,,,False
chr22,37529132,ALU,AluYb8#SINE/Alu,+,0.489,True,AluJb,+,322.0,True
chr22,41050312,ALU,AluSp#SINE/Alu,-,0.47,True,AluSg7,-,303.0,True
chr22,41300515,ALU,AluSq2#SINE/Alu,-,0.488,True,AluSq2,-,286.0,True
chr22,41739555,ALU,AluYb8#SINE/Alu,+,0.413,False,,,,False
chr22,46105398,ALU,AluYd8#SINE/Alu,-,0.644,False,,,,False
chr22,46843468,ALU,AluYb8#SINE/Alu,-,0.512,False,,,,False
chr22,49029650,SVA,SVA_D#Retroposon/SVA,-,0.337,False,,,,False
chr22,50495454,ALU,AluYa5#SINE/Alu,-,0.489,True,AluSc8,-,311.0,True
chrX,267050,ALU,AluSq#SINE/Alu,+,0.513,True,AluSx1,+,226.0,True
chrX,557208,ALU,AluSp#SINE/Alu,-,0.491,True,AluY,-,293.0,True
chrX,2533715,ALU,AluYa5#SINE/Alu,+,0.405,False,,,,False
chrX,5863707,ALU,AluYa5#SINE/Alu,-,0.392,False,,,,False
chrX,9417250,ALU,AluYe5#SINE/Alu,+,0.422,False,,,,False
chrX,15267259,ALU,AluSz#SINE/Alu,+,0.489,True,AluSx,+,305.0,True
chrX,15401366,ALU,AluYb9#SINE/Alu,+,0.394,False,,,,False
chrX,22486882,ALU,AluYb8#SINE/Alu,-,0.41,False,,,,False
chrX,26760612,ALU,AluYa5#SINE/Alu,-,0.325,True,AluSq2,-,302.0,True
chrX,30644306,LINE1,L1MC1_3end#LINE/L1,+,0.394,False,,,,False
chrX,31257196,ALU,AluYa5#SINE/Alu,+,0.398,False,,,,False
chrX,34224332,ALU,AluYi6#SINE/Alu,+,0.346,False,,,,False
chrX,34923980,LINE1,L1P1_orf2#LINE/L1,+,0.369,False,,,,False
chrX,36270916,ALU,AluYb8#SINE/Alu,-,0.3,False,,,,False
chrX,36334570,ALU,AluYa5#SINE/Alu,+,0.355,False,,,,False
chrX,40080071,ALU,AluYb8#SINE/Alu,+,0.531,False,,,,False
chrX,43230936,ALU,AluYg6#SINE/Alu,+,0.34,False,,,,False
chrX,45048888,ALU,AluYa5#SINE/Alu,-,0.386,False,,,,False
chrX,45728361,ALU,AluYc3#SINE/Alu,-,0.391,False,,,,False
chrX,48671390,ALU,AluSz6#SINE/Alu,+,0.519,True,AluSg,-,143.0,False
chrX,49616997,LINE1,L1P1_orf2#LINE/L1,-,0.526,False,,,,False
chrX,52861672,ALU,AluSc5#SINE/Alu,+,0.403,False,,,,False
chrX,57780010,LINE1,L1HS_3end#LINE/L1,-,0.384,False,,,,False
chrX,63568188,LINE1,L1HS_5end#LINE/L1,+,0.306,True,L1MB8,+,3291.0,True
chrX,70916188,ALU,AluYb8#SINE/Alu,+,0.437,False,,,,False
chrX,80215130,SVA,SVA_D#Retroposon/SVA,+,0.605,True,SVA_C,+,1357.0,True
chrX,84080392,LINE1,L1P3_orf2#LINE/L1,+,0.462,False,,,,False
chrX,85135744,ALU,AluYd8#SINE/Alu,+,0.399,True,AluJb,-,291.0,False
chrX,85568167,LINE1,L1P3_5end#LINE/L1,-,0.386,False,,,,False
chrX,94434640,ALU,AluSg#SINE/Alu,-,0.31,False,,,,False
chrX,95597546,LINE1,L1HS_3end#LINE/L1,-,0.357,True,L1MA1,+,4178.0,False
chrX,95639756,ALU,AluSz#SINE/Alu,-,0.406,False,,,,False
chrX,96817990,ALU,AluYc#SINE/Alu,-,0.46,True,AluY,-,309.0,True
chrX,105654179,ALU,AluYb8#SINE/Alu,+,0.366,False,,,,False
chrX,112314526,LINE1,L1HS_5end#LINE/L1,-,0.389,False,,,,False
chrX,115436037,ALU,AluYa5#SINE/Alu,+,0.383,False,,,,False
chrX,116021678,LINE1,L1M1_orf2#LINE/L1,+,0.331,False,,,,False
chrX,117704894,ALU,AluY_short_#SINE/Alu,+,0.294,False,,,,False
chrX,120393994,ALU,AluYa5#SINE/Alu,-,0.297,False,,,,False
chrX,122435468,ALU,AluYb9#SINE/Alu,-,0.307,False,,,,False
chrX,123789021,SVA,SVA_F#Retroposon/SVA,-,0.368,False,,,,False
chrX,124477950,LINE1,L1HS_3end#LINE/L1,+,0.417,False,,,,False
chrX,126826632,ALU,AluYa5#SINE/Alu,+,0.315,False,,,,False
chrX,127156702,ALU,AluYc#SINE/Alu,+,0.352,False,,,,False
chrX,130391302,LINE1,L1HS_3end#LINE/L1,-,0.376,False,,,,False
chrX,131467166,LINE1,L1PA5_3end#LINE/L1,+,0.39,True,L1PA5,+,1051.0,True
chrX,134802082,ALU,AluYa5#SINE/Alu,+,0.523,False,,,,False
chrX,137267672,ALU,AluYa5#SINE/Alu,+,0.431,False,,,,False
chrX,140771274,ALU,AluYe5#SINE/Alu,+,0.351,False,,,,False
chrX,143843023,ALU,AluYa5#SINE/Alu,-,0.285,False,,,,False
chrX,149457580,ALU,AluYb8#SINE/Alu,+,0.422,False,,,,False
chrX,150283089,ALU,AluYa5#SINE/Alu,+,0.39,False,,,,False
chrX,152050290,ALU,AluSq4#SINE/Alu,+,0.35,False,,,,False
chrX,153617754,ALU,AluYa5#SINE/Alu,+,0.393,False,,,,False
